use cs_ach35338;

## Company Insert
INSERT INTO Company (idCompany, CompanyName, Industry, Sector, HQLocation, YearFounded, idParentCompany) VALUES (1, 'Tech Solutions Inc.', 'Tech', 'Biotech', 'Germany', 1887, null);
INSERT INTO Company (idCompany, CompanyName, Industry, Sector, HQLocation, YearFounded, idParentCompany) VALUES (2, 'Global Health Corp.', 'Healthcare', 'E-commerce', 'India', 1950, 1);
INSERT INTO Company (idCompany, CompanyName, Industry, Sector, HQLocation, YearFounded, idParentCompany) VALUES (3, 'Finance World LLC', 'Finance', 'E-commerce', 'USA', 1915, 1);
INSERT INTO Company (idCompany, CompanyName, Industry, Sector, HQLocation, YearFounded, idParentCompany) VALUES (4, 'AI Pioneers Ltd.', 'Tech', 'AI', 'Germany', 2016, 2);
INSERT INTO Company (idCompany, CompanyName, Industry, Sector, HQLocation, YearFounded, idParentCompany) VALUES (5, 'Green Banking Group', 'Finance', 'Banking', 'UK', 1987, 3);
INSERT INTO Company (idCompany, CompanyName, Industry, Sector, HQLocation, YearFounded, idParentCompany) VALUES (6, 'Biotech Innovations', 'Finance', 'Biotech', 'UK', 1990, 2);
INSERT INTO Company (idCompany, CompanyName, Industry, Sector, HQLocation, YearFounded, idParentCompany) VALUES (7, 'E-commerce Pros Ltd.', 'Tech', 'E-commerce', 'USA', 1971, 5);
INSERT INTO Company (idCompany, CompanyName, Industry, Sector, HQLocation, YearFounded, idParentCompany) VALUES (8, 'Banking Visionaries', 'Tech', 'Banking', 'USA', 1971, 6);
INSERT INTO Company (idCompany, CompanyName, Industry, Sector, HQLocation, YearFounded, idParentCompany) VALUES (9, 'Healthy Life Solutions', 'Healthcare', 'AI', 'India', 1851, null);
INSERT INTO Company (idCompany, CompanyName, Industry, Sector, HQLocation, YearFounded, idParentCompany) VALUES (10, 'Digital Commerce Inc.', 'Finance', 'E-commerce', 'USA', 1813, 8);
INSERT INTO Company (idCompany, CompanyName, Industry, Sector, HQLocation, YearFounded, idParentCompany) VALUES (11, 'Retail World Ltd.', 'Retail', 'E-commerce', 'India', 1954, 9);
INSERT INTO Company (idCompany, CompanyName, Industry, Sector, HQLocation, YearFounded, idParentCompany) VALUES (12, 'AI Healthcare Systems', 'Healthcare', 'AI', 'UK', 1863, 8);
INSERT INTO Company (idCompany, CompanyName, Industry, Sector, HQLocation, YearFounded, idParentCompany) VALUES (13, 'BioFin Inc.', 'Finance', 'Biotech', 'USA', 1975, 10);
INSERT INTO Company (idCompany, CompanyName, Industry, Sector, HQLocation, YearFounded, idParentCompany) VALUES (14, 'AI Revolution Ltd.', 'Tech', 'AI', 'Germany', 1833, 5);
INSERT INTO Company (idCompany, CompanyName, Industry, Sector, HQLocation, YearFounded, idParentCompany) VALUES (15, 'Ecom India Pvt. Ltd.', 'Finance', 'E-commerce', 'India', 2003, null);
INSERT INTO Company (idCompany, CompanyName, Industry, Sector, HQLocation, YearFounded, idParentCompany) VALUES (16, 'Banking Innovations Co.', 'Tech', 'Banking', 'USA', 1991, 9);
INSERT INTO Company (idCompany, CompanyName, Industry, Sector, HQLocation, YearFounded, idParentCompany) VALUES (17, 'Biotech Partners Inc.', 'Tech', 'Biotech', 'Germany', 1810, 13);
INSERT INTO Company (idCompany, CompanyName, Industry, Sector, HQLocation, YearFounded, idParentCompany) VALUES (18, 'AI Future Enterprises', 'Tech', 'AI', 'USA', 1808, 11);
INSERT INTO Company (idCompany, CompanyName, Industry, Sector, HQLocation, YearFounded, idParentCompany) VALUES (19, 'UK Healthcare Ltd.', 'Healthcare', 'Banking', 'UK', 1806, 3);
INSERT INTO Company (idCompany, CompanyName, Industry, Sector, HQLocation, YearFounded, idParentCompany) VALUES (20, 'Ecom Revolution Inc.', 'Tech', 'E-commerce', 'Germany', 1999, 4);
INSERT INTO Company (idCompany, CompanyName, Industry, Sector, HQLocation, YearFounded, idParentCompany) VALUES (21, 'Health Innovations India', 'Healthcare', 'E-commerce', 'India', 1971, 5);
INSERT INTO Company (idCompany, CompanyName, Industry, Sector, HQLocation, YearFounded, idParentCompany) VALUES (22, 'Green Ventures Co.', 'Retail', 'Biotech', 'UK', 1980, 20);
INSERT INTO Company (idCompany, CompanyName, Industry, Sector, HQLocation, YearFounded, idParentCompany) VALUES (23, 'Banking Leaders Ltd.', 'Tech', 'Banking', 'India', 1822, 8);
INSERT INTO Company (idCompany, CompanyName, Industry, Sector, HQLocation, YearFounded, idParentCompany) VALUES (24, 'Biotech Horizons', 'Tech', 'Biotech', 'India', 1883, 16);
INSERT INTO Company (idCompany, CompanyName, Industry, Sector, HQLocation, YearFounded, idParentCompany) VALUES (25, 'Healthcare Excellence Inc.', 'Healthcare', 'E-commerce', 'Germany', 1993, 10);
INSERT INTO Company (idCompany, CompanyName, Industry, Sector, HQLocation, YearFounded, idParentCompany) VALUES (26, 'Banking Life Corp.', 'Healthcare', 'Banking', 'India', 1892, 18);
INSERT INTO Company (idCompany, CompanyName, Industry, Sector, HQLocation, YearFounded, idParentCompany) VALUES (27, 'Banking Synergy Ltd.', 'Finance', 'Banking', 'India', 1961, 16);
INSERT INTO Company (idCompany, CompanyName, Industry, Sector, HQLocation, YearFounded, idParentCompany) VALUES (28, 'Banking Trailblazers', 'Tech', 'Banking', 'UK', 1912, 17);
INSERT INTO Company (idCompany, CompanyName, Industry, Sector, HQLocation, YearFounded, idParentCompany) VALUES (29, 'Retail Excellence Co.', 'Retail', 'Banking', 'USA', 1959, 3);
INSERT INTO Company (idCompany, CompanyName, Industry, Sector, HQLocation, YearFounded, idParentCompany) VALUES (30, 'AI Healthcare Innovators', 'Healthcare', 'AI', 'India', 1834, 21);
INSERT INTO Company (idCompany, CompanyName, Industry, Sector, HQLocation, YearFounded, idParentCompany) VALUES (31, 'Ecom Pioneers Ltd.', 'Healthcare', 'E-commerce', 'UK', 1900, 26);
INSERT INTO Company (idCompany, CompanyName, Industry, Sector, HQLocation, YearFounded, idParentCompany) VALUES (32, 'AI Pros Inc.', 'Tech', 'AI', 'UK', 2004, 9);
INSERT INTO Company (idCompany, CompanyName, Industry, Sector, HQLocation, YearFounded, idParentCompany) VALUES (33, 'AI Healthcare Leaders', 'Healthcare', 'AI', 'India', 1810, 26);
INSERT INTO Company (idCompany, CompanyName, Industry, Sector, HQLocation, YearFounded, idParentCompany) VALUES (34, 'Biotech Visionaries', 'Healthcare', 'Biotech', 'USA', 1940, 30);
INSERT INTO Company (idCompany, CompanyName, Industry, Sector, HQLocation, YearFounded, idParentCompany) VALUES (35, 'Biotech Stars Ltd.', 'Healthcare', 'Biotech', 'UK', 1933, 32);
INSERT INTO Company (idCompany, CompanyName, Industry, Sector, HQLocation, YearFounded, idParentCompany) VALUES (36, 'Ecommerce Healthcare Inc.', 'Healthcare', 'E-commerce', 'Germany', 1954, 3);
INSERT INTO Company (idCompany, CompanyName, Industry, Sector, HQLocation, YearFounded, idParentCompany) VALUES (37, 'Banking Leaders USA', 'Healthcare', 'Banking', 'USA', 1866, 10);
INSERT INTO Company (idCompany, CompanyName, Industry, Sector, HQLocation, YearFounded, idParentCompany) VALUES (38, 'Banking Germany Ltd.', 'Healthcare', 'Banking', 'Germany', 1803, 31);
INSERT INTO Company (idCompany, CompanyName, Industry, Sector, HQLocation, YearFounded, idParentCompany) VALUES (39, 'Tech Innovators Corp.', 'Finance', 'E-commerce', 'Germany', 1976, 16);
INSERT INTO Company (idCompany, CompanyName, Industry, Sector, HQLocation, YearFounded, idParentCompany) VALUES (40, 'AI Retail Solutions', 'Retail', 'AI', 'UK', 1804, 23);
INSERT INTO Company (idCompany, CompanyName, Industry, Sector, HQLocation, YearFounded, idParentCompany) VALUES (41, 'Retail AI Inc.', 'Retail', 'AI', 'Germany', 1858, 35);
INSERT INTO Company (idCompany, CompanyName, Industry, Sector, HQLocation, YearFounded, idParentCompany) VALUES (42, 'AI Tech Innovators', 'Tech', 'AI', 'Germany', 1800, 4);
INSERT INTO Company (idCompany, CompanyName, Industry, Sector, HQLocation, YearFounded, idParentCompany) VALUES (43, 'Ecom Tech Leaders', 'Tech', 'E-commerce', 'Germany', 1854, 13);
INSERT INTO Company (idCompany, CompanyName, Industry, Sector, HQLocation, YearFounded, idParentCompany) VALUES (44, 'Banking Future Ltd.', 'Tech', 'Banking', 'USA', 2008, 42);
INSERT INTO Company (idCompany, CompanyName, Industry, Sector, HQLocation, YearFounded, idParentCompany) VALUES (45, 'Digital Ecom Pros', 'Tech', 'E-commerce', 'USA', 2005, 33);
INSERT INTO Company (idCompany, CompanyName, Industry, Sector, HQLocation, YearFounded, idParentCompany) VALUES (46, 'Fintech India Ltd.', 'Finance', 'E-commerce', 'India', 1903, 6);
INSERT INTO Company (idCompany, CompanyName, Industry, Sector, HQLocation, YearFounded, idParentCompany) VALUES (47, 'USA Financial Experts', 'Finance', 'E-commerce', 'USA', 1847, 10);
INSERT INTO Company (idCompany, CompanyName, Industry, Sector, HQLocation, YearFounded, idParentCompany) VALUES (48, 'Retail AI Vision', 'Retail', 'AI', 'Germany', 1934, 40);
INSERT INTO Company (idCompany, CompanyName, Industry, Sector, HQLocation, YearFounded, idParentCompany) VALUES (49, 'Biotech FinCorp', 'Finance', 'Biotech', 'USA', 1921, 33);
INSERT INTO Company (idCompany, CompanyName, Industry, Sector, HQLocation, YearFounded, idParentCompany) VALUES (50, 'AI Tech Solutions', 'Tech', 'AI', 'Germany', 1928, 33);
INSERT INTO Company (idCompany, CompanyName, Industry, Sector, HQLocation, YearFounded, idParentCompany) VALUES (51, 'Biotech Financials India', 'Finance', 'Biotech', 'India', 1837, 16);
INSERT INTO Company (idCompany, CompanyName, Industry, Sector, HQLocation, YearFounded, idParentCompany) VALUES (52, 'Ecom Innovators Pvt.', 'Tech', 'E-commerce', 'India', 1963, 15);
INSERT INTO Company (idCompany, CompanyName, Industry, Sector, HQLocation, YearFounded, idParentCompany) VALUES (53, 'AI Healthcare Experts', 'Healthcare', 'AI', 'USA', 1818, 22);
INSERT INTO Company (idCompany, CompanyName, Industry, Sector, HQLocation, YearFounded, idParentCompany) VALUES (54, 'Biotech AI Leaders', 'Healthcare', 'Biotech', 'Germany', 2017, 12);
INSERT INTO Company (idCompany, CompanyName, Industry, Sector, HQLocation, YearFounded, idParentCompany) VALUES (55, 'Banking Healthcare GmbH', 'Healthcare', 'Banking', 'Germany', 1911, 28);
INSERT INTO Company (idCompany, CompanyName, Industry, Sector, HQLocation, YearFounded, idParentCompany) VALUES (56, 'Banking UK Ltd.', 'Finance', 'Banking', 'UK', 1862, 48);
INSERT INTO Company (idCompany, CompanyName, Industry, Sector, HQLocation, YearFounded, idParentCompany) VALUES (57, 'Ecom Leaders India', 'Tech', 'E-commerce', 'India', 1918, 37);
INSERT INTO Company (idCompany, CompanyName, Industry, Sector, HQLocation, YearFounded, idParentCompany) VALUES (58, 'AI Healthcare UK', 'Healthcare', 'AI', 'UK', 1996, 34);
INSERT INTO Company (idCompany, CompanyName, Industry, Sector, HQLocation, YearFounded, idParentCompany) VALUES (59, 'AI Financial Vision', 'Finance', 'AI', 'Germany', 1827, 53);
INSERT INTO Company (idCompany, CompanyName, Industry, Sector, HQLocation, YearFounded, idParentCompany) VALUES (60, 'Biotech Tech Group', 'Tech', 'Biotech', 'Germany', 1903, 58);
INSERT INTO Company (idCompany, CompanyName, Industry, Sector, HQLocation, YearFounded, idParentCompany) VALUES (61, 'Ecom Tech Innovators', 'Tech', 'E-commerce', 'India', 1985, 50);
INSERT INTO Company (idCompany, CompanyName, Industry, Sector, HQLocation, YearFounded, idParentCompany) VALUES (62, 'Banking Vision Group', 'Finance', 'Banking', 'Germany', 1922, 57);
INSERT INTO Company (idCompany, CompanyName, Industry, Sector, HQLocation, YearFounded, idParentCompany) VALUES (63, 'Healthcare Innovators GmbH', 'Healthcare', 'AI', 'Germany', 1927, 11);
INSERT INTO Company (idCompany, CompanyName, Industry, Sector, HQLocation, YearFounded, idParentCompany) VALUES (64, 'Biotech Financials Ltd.', 'Finance', 'Biotech', 'UK', 1945, 1);
INSERT INTO Company (idCompany, CompanyName, Industry, Sector, HQLocation, YearFounded, idParentCompany) VALUES (65, 'Tech Banking Solutions', 'Tech', 'E-commerce', 'Germany', 1951, 28);
INSERT INTO Company (idCompany, CompanyName, Industry, Sector, HQLocation, YearFounded, idParentCompany) VALUES (66, 'Healthcare AI Group', 'Healthcare', 'AI', 'UK', 1880, 31);
INSERT INTO Company (idCompany, CompanyName, Industry, Sector, HQLocation, YearFounded, idParentCompany) VALUES (67, 'AI Tech Innovators India', 'Tech', 'AI', 'India', 1804, 26);
INSERT INTO Company (idCompany, CompanyName, Industry, Sector, HQLocation, YearFounded, idParentCompany) VALUES (68, 'Banking Tech Ltd.', 'Tech', 'Banking', 'UK', 1998, 58);
INSERT INTO Company (idCompany, CompanyName, Industry, Sector, HQLocation, YearFounded, idParentCompany) VALUES (69, 'Biotech Retail Innovators', 'Tech', 'Biotech', 'India', 1975, 29);
INSERT INTO Company (idCompany, CompanyName, Industry, Sector, HQLocation, YearFounded, idParentCompany) VALUES (70, 'Financial Biotech Inc.', 'Finance', 'Biotech', 'USA', 1928, 62);
INSERT INTO Company (idCompany, CompanyName, Industry, Sector, HQLocation, YearFounded, idParentCompany) VALUES (71, 'Banking Pros India', 'Tech', 'Banking', 'India', 1803, 15);
INSERT INTO Company (idCompany, CompanyName, Industry, Sector, HQLocation, YearFounded, idParentCompany) VALUES (72, 'Healthcare Biotech Experts', 'Healthcare', 'Biotech', 'India', 1803, 30);
INSERT INTO Company (idCompany, CompanyName, Industry, Sector, HQLocation, YearFounded, idParentCompany) VALUES (73, 'Retail Ecom Vision', 'Retail', 'E-commerce', 'Germany', 1803, 12);
INSERT INTO Company (idCompany, CompanyName, Industry, Sector, HQLocation, YearFounded, idParentCompany) VALUES (74, 'Banking Health Solutions', 'Healthcare', 'Banking', 'Germany', 1879, 61);
INSERT INTO Company (idCompany, CompanyName, Industry, Sector, HQLocation, YearFounded, idParentCompany) VALUES (75, 'Retail Ecom Leaders', 'Retail', 'E-commerce', 'India', 1978, 8);
INSERT INTO Company (idCompany, CompanyName, Industry, Sector, HQLocation, YearFounded, idParentCompany) VALUES (76, 'Healthcare Tech Solutions', 'Healthcare', 'E-commerce', 'USA', 2021, 45);
INSERT INTO Company (idCompany, CompanyName, Industry, Sector, HQLocation, YearFounded, idParentCompany) VALUES (77, 'Banking Trailblazers UK', 'Tech', 'Banking', 'UK', 1908, 44);
INSERT INTO Company (idCompany, CompanyName, Industry, Sector, HQLocation, YearFounded, idParentCompany) VALUES (78, 'AI Innovators Group', 'Tech', 'AI', 'UK', 1869, 77);
INSERT INTO Company (idCompany, CompanyName, Industry, Sector, HQLocation, YearFounded, idParentCompany) VALUES (79, 'Biotech Retail Experts', 'Retail', 'Biotech', 'USA', 2010, 22);
INSERT INTO Company (idCompany, CompanyName, Industry, Sector, HQLocation, YearFounded, idParentCompany) VALUES (80, 'Financial Biotech India', 'Finance', 'Biotech', 'India', 1961, 30);
INSERT INTO Company (idCompany, CompanyName, Industry, Sector, HQLocation, YearFounded, idParentCompany) VALUES (81, 'Financial Innovators USA', 'Finance', 'E-commerce', 'USA', 1865, 79);
INSERT INTO Company (idCompany, CompanyName, Industry, Sector, HQLocation, YearFounded, idParentCompany) VALUES (82, 'Biotech Ecom Solutions', 'Tech', 'Biotech', 'USA', 1932, 8);
INSERT INTO Company (idCompany, CompanyName, Industry, Sector, HQLocation, YearFounded, idParentCompany) VALUES (83, 'Healthcare Visionaries UK', 'Healthcare', 'Biotech', 'UK', 1977, 22);
INSERT INTO Company (idCompany, CompanyName, Industry, Sector, HQLocation, YearFounded, idParentCompany) VALUES (84, 'AI Retail Innovators', 'Retail', 'AI', 'UK', 1860, 57);
INSERT INTO Company (idCompany, CompanyName, Industry, Sector, HQLocation, YearFounded, idParentCompany) VALUES (85, 'Biotech Health Experts', 'Healthcare', 'Biotech', 'USA', 1889, 10);
INSERT INTO Company (idCompany, CompanyName, Industry, Sector, HQLocation, YearFounded, idParentCompany) VALUES (86, 'Retail Innovators India', 'Retail', 'Banking', 'India', 2012, 'None');
INSERT INTO Company (idCompany, CompanyName, Industry, Sector, HQLocation, YearFounded, idParentCompany) VALUES (87, 'Retail Ecom Visionaries', 'Retail', 'E-commerce', 'Germany', 2006, 27);
INSERT INTO Company (idCompany, CompanyName, Industry, Sector, HQLocation, YearFounded, idParentCompany) VALUES (88, 'Banking Innovators UK', 'Healthcare', 'Banking', 'UK', 1876, 7);
INSERT INTO Company (idCompany, CompanyName, Industry, Sector, HQLocation, YearFounded, idParentCompany) VALUES (89, 'Tech Biotech Germany', 'Tech', 'Biotech', 'Germany', 2001, 63);
INSERT INTO Company (idCompany, CompanyName, Industry, Sector, HQLocation, YearFounded, idParentCompany) VALUES (90, 'Biotech Health Group', 'Healthcare', 'Biotech', 'Germany', 1964, 34);
INSERT INTO Company (idCompany, CompanyName, Industry, Sector, HQLocation, YearFounded, idParentCompany) VALUES (91, 'Ecom Finance Innovators', 'Finance', 'E-commerce', 'Germany', 1968, 72);
INSERT INTO Company (idCompany, CompanyName, Industry, Sector, HQLocation, YearFounded, idParentCompany) VALUES (92, 'Financial Vision Ltd.', 'Finance', 'E-commerce', 'UK', 1863, 53);
INSERT INTO Company (idCompany, CompanyName, Industry, Sector, HQLocation, YearFounded, idParentCompany) VALUES (93, 'Retail Biotech Innovators', 'Retail', 'Biotech', 'India', 1885, 79);
INSERT INTO Company (idCompany, CompanyName, Industry, Sector, HQLocation, YearFounded, idParentCompany) VALUES (94, 'Biotech Retail India', 'Retail', 'Biotech', 'India', 1928, 67);
INSERT INTO Company (idCompany, CompanyName, Industry, Sector, HQLocation, YearFounded, idParentCompany) VALUES (95, 'Healthcare Biotech Experts', 'Healthcare', 'Biotech', 'USA', 1818, 49);
INSERT INTO Company (idCompany, CompanyName, Industry, Sector, HQLocation, YearFounded, idParentCompany) VALUES (96, 'Biotech Leaders India', 'Healthcare', 'Biotech', 'India', 1953, 15);
INSERT INTO Company (idCompany, CompanyName, Industry, Sector, HQLocation, YearFounded, idParentCompany) VALUES (97, 'AI Finance Visionaries', 'Finance', 'AI', 'UK', 1887, 89);
INSERT INTO Company (idCompany, CompanyName, Industry, Sector, HQLocation, YearFounded, idParentCompany) VALUES (98, 'Biotech Financial Group', 'Finance', 'Biotech', 'UK', 1805, 31);
INSERT INTO Company (idCompany, CompanyName, Industry, Sector, HQLocation, YearFounded, idParentCompany) VALUES (99, 'Ecom Tech Visionaries', 'Tech', 'E-commerce', 'Germany', 1864, 67);
INSERT INTO Company (idCompany, CompanyName, Industry, Sector, HQLocation, YearFounded, idParentCompany) VALUES (100, 'Healthcare Banking Experts', 'Healthcare', 'Banking', 'UK', 2004, 61);


#MnADeals
INSERT INTO MnADeals (idDeal, MergerName, dealStage, dealDate, idCompany, idValuation, idShareholder, idPerformance) VALUES (1, 'Merger_1', 'Completed', 2015, 12, 58, 61, 11);
INSERT INTO MnADeals (idDeal, MergerName, dealStage, dealDate, idCompany, idValuation, idShareholder, idPerformance) VALUES (2, 'Merger_2', 'Initiated', 2021, 48, 38, 98, 82);
INSERT INTO MnADeals (idDeal, MergerName, dealStage, dealDate, idCompany, idValuation, idShareholder, idPerformance) VALUES (3, 'Merger_3', 'Completed', 2012, 92, 50, 8, 34);
INSERT INTO MnADeals (idDeal, MergerName, dealStage, dealDate, idCompany, idValuation, idShareholder, idPerformance) VALUES (4, 'Merger_4', 'Initiated', 2017, 82, 41, 64, 90);
INSERT INTO MnADeals (idDeal, MergerName, dealStage, dealDate, idCompany, idValuation, idShareholder, idPerformance) VALUES (5, 'Merger_5', 'Initiated', 2021, 44, 22, 59, 31);
INSERT INTO MnADeals (idDeal, MergerName, dealStage, dealDate, idCompany, idValuation, idShareholder, idPerformance) VALUES (6, 'Merger_6', 'Completed', 2022, 13, 70, 79, 21);
INSERT INTO MnADeals (idDeal, MergerName, dealStage, dealDate, idCompany, idValuation, idShareholder, idPerformance) VALUES (7, 'Merger_7', 'Initiated', 2020, 91, 45, 54, 32);
INSERT INTO MnADeals (idDeal, MergerName, dealStage, dealDate, idCompany, idValuation, idShareholder, idPerformance) VALUES (8, 'Merger_8', 'Pending', 2023, 77, 72, 42, 86);
INSERT INTO MnADeals (idDeal, MergerName, dealStage, dealDate, idCompany, idValuation, idShareholder, idPerformance) VALUES (9, 'Merger_9', 'Pending', 2022, 87, 88, 86, 100);
INSERT INTO MnADeals (idDeal, MergerName, dealStage, dealDate, idCompany, idValuation, idShareholder, idPerformance) VALUES (10, 'Merger_10', 'Completed', 2017, 77, 14, 86, 94);
INSERT INTO MnADeals (idDeal, MergerName, dealStage, dealDate, idCompany, idValuation, idShareholder, idPerformance) VALUES (11, 'Merger_11', 'Completed', 2011, 73, 26, 10, 93);
INSERT INTO MnADeals (idDeal, MergerName, dealStage, dealDate, idCompany, idValuation, idShareholder, idPerformance) VALUES (12, 'Merger_12', 'Initiated', 2018, 3, 58, 75, 56);
INSERT INTO MnADeals (idDeal, MergerName, dealStage, dealDate, idCompany, idValuation, idShareholder, idPerformance) VALUES (13, 'Merger_13', 'Initiated', 2019, 56, 39, 20, 18);
INSERT INTO MnADeals (idDeal, MergerName, dealStage, dealDate, idCompany, idValuation, idShareholder, idPerformance) VALUES (14, 'Merger_14', 'Initiated', 2015, 75, 67, 22, 54);
INSERT INTO MnADeals (idDeal, MergerName, dealStage, dealDate, idCompany, idValuation, idShareholder, idPerformance) VALUES (15, 'Merger_15', 'Pending', 2012, 43, 73, 56, 98);
INSERT INTO MnADeals (idDeal, MergerName, dealStage, dealDate, idCompany, idValuation, idShareholder, idPerformance) VALUES (16, 'Merger_16', 'Pending', 2014, 37, 97, 77, 41);
INSERT INTO MnADeals (idDeal, MergerName, dealStage, dealDate, idCompany, idValuation, idShareholder, idPerformance) VALUES (17, 'Merger_17', 'Initiated', 2014, 71, 40, 98, 91);
INSERT INTO MnADeals (idDeal, MergerName, dealStage, dealDate, idCompany, idValuation, idShareholder, idPerformance) VALUES (18, 'Merger_18', 'Completed', 2019, 36, 13, 14, 57);
INSERT INTO MnADeals (idDeal, MergerName, dealStage, dealDate, idCompany, idValuation, idShareholder, idPerformance) VALUES (19, 'Merger_19', 'Initiated', 2017, 57, 28, 1, 41);
INSERT INTO MnADeals (idDeal, MergerName, dealStage, dealDate, idCompany, idValuation, idShareholder, idPerformance) VALUES (20, 'Merger_20', 'Initiated', 2014, 46, 28, 26, 29);
INSERT INTO MnADeals (idDeal, MergerName, dealStage, dealDate, idCompany, idValuation, idShareholder, idPerformance) VALUES (21, 'Merger_21', 'Completed', 2022, 45, 91, 59, 28);
INSERT INTO MnADeals (idDeal, MergerName, dealStage, dealDate, idCompany, idValuation, idShareholder, idPerformance) VALUES (22, 'Merger_22', 'Completed', 2015, 12, 93, 43, 73);
INSERT INTO MnADeals (idDeal, MergerName, dealStage, dealDate, idCompany, idValuation, idShareholder, idPerformance) VALUES (23, 'Merger_23', 'Completed', 2016, 36, 70, 7, 44);
INSERT INTO MnADeals (idDeal, MergerName, dealStage, dealDate, idCompany, idValuation, idShareholder, idPerformance) VALUES (24, 'Merger_24', 'Completed', 2012, 97, 73, 29, 80);
INSERT INTO MnADeals (idDeal, MergerName, dealStage, dealDate, idCompany, idValuation, idShareholder, idPerformance) VALUES (25, 'Merger_25', 'Completed', 2019, 44, 45, 73, 14);
INSERT INTO MnADeals (idDeal, MergerName, dealStage, dealDate, idCompany, idValuation, idShareholder, idPerformance) VALUES (26, 'Merger_26', 'Initiated', 2010, 70, 86, 80, 28);
INSERT INTO MnADeals (idDeal, MergerName, dealStage, dealDate, idCompany, idValuation, idShareholder, idPerformance) VALUES (27, 'Merger_27', 'Pending', 2023, 20, 36, 68, 51);
INSERT INTO MnADeals (idDeal, MergerName, dealStage, dealDate, idCompany, idValuation, idShareholder, idPerformance) VALUES (28, 'Merger_28', 'Initiated', 2020, 54, 39, 34, 93);
INSERT INTO MnADeals (idDeal, MergerName, dealStage, dealDate, idCompany, idValuation, idShareholder, idPerformance) VALUES (29, 'Merger_29', 'Initiated', 2010, 60, 43, 9, 67);
INSERT INTO MnADeals (idDeal, MergerName, dealStage, dealDate, idCompany, idValuation, idShareholder, idPerformance) VALUES (30, 'Merger_30', 'Initiated', 2011, 8, 35, 1, 84);
INSERT INTO MnADeals (idDeal, MergerName, dealStage, dealDate, idCompany, idValuation, idShareholder, idPerformance) VALUES (31, 'Merger_31', 'Completed', 2021, 88, 58, 88, 18);
INSERT INTO MnADeals (idDeal, MergerName, dealStage, dealDate, idCompany, idValuation, idShareholder, idPerformance) VALUES (32, 'Merger_32', 'Initiated', 2012, 16, 99, 36, 21);
INSERT INTO MnADeals (idDeal, MergerName, dealStage, dealDate, idCompany, idValuation, idShareholder, idPerformance) VALUES (33, 'Merger_33', 'Initiated', 2019, 4, 37, 7, 63);
INSERT INTO MnADeals (idDeal, MergerName, dealStage, dealDate, idCompany, idValuation, idShareholder, idPerformance) VALUES (34, 'Merger_34', 'Initiated', 2017, 43, 18, 4, 57);
INSERT INTO MnADeals (idDeal, MergerName, dealStage, dealDate, idCompany, idValuation, idShareholder, idPerformance) VALUES (35, 'Merger_35', 'Pending', 2010, 50, 95, 92, 41);
INSERT INTO MnADeals (idDeal, MergerName, dealStage, dealDate, idCompany, idValuation, idShareholder, idPerformance) VALUES (36, 'Merger_36', 'Initiated', 2021, 74, 85, 63, 51);
INSERT INTO MnADeals (idDeal, MergerName, dealStage, dealDate, idCompany, idValuation, idShareholder, idPerformance) VALUES (37, 'Merger_37', 'Initiated', 2019, 53, 10, 5, 45);
INSERT INTO MnADeals (idDeal, MergerName, dealStage, dealDate, idCompany, idValuation, idShareholder, idPerformance) VALUES (38, 'Merger_38', 'Completed', 2021, 65, 78, 72, 15);
INSERT INTO MnADeals (idDeal, MergerName, dealStage, dealDate, idCompany, idValuation, idShareholder, idPerformance) VALUES (39, 'Merger_39', 'Completed', 2011, 47, 100, 12, 88);
INSERT INTO MnADeals (idDeal, MergerName, dealStage, dealDate, idCompany, idValuation, idShareholder, idPerformance) VALUES (40, 'Merger_40', 'Pending', 2022, 90, 43, 95, 23);
INSERT INTO MnADeals (idDeal, MergerName, dealStage, dealDate, idCompany, idValuation, idShareholder, idPerformance) VALUES (41, 'Merger_41', 'Initiated', 2020, 68, 63, 45, 54);
INSERT INTO MnADeals (idDeal, MergerName, dealStage, dealDate, idCompany, idValuation, idShareholder, idPerformance) VALUES (42, 'Merger_42', 'Completed', 2023, 66, 91, 92, 45);
INSERT INTO MnADeals (idDeal, MergerName, dealStage, dealDate, idCompany, idValuation, idShareholder, idPerformance) VALUES (43, 'Merger_43', 'Completed', 2017, 53, 33, 27, 61);
INSERT INTO MnADeals (idDeal, MergerName, dealStage, dealDate, idCompany, idValuation, idShareholder, idPerformance) VALUES (44, 'Merger_44', 'Pending', 2016, 64, 10, 93, 39);
INSERT INTO MnADeals (idDeal, MergerName, dealStage, dealDate, idCompany, idValuation, idShareholder, idPerformance) VALUES (45, 'Merger_45', 'Initiated', 2015, 93, 26, 80, 35);
INSERT INTO MnADeals (idDeal, MergerName, dealStage, dealDate, idCompany, idValuation, idShareholder, idPerformance) VALUES (46, 'Merger_46', 'Initiated', 2020, 56, 6, 48, 45);
INSERT INTO MnADeals (idDeal, MergerName, dealStage, dealDate, idCompany, idValuation, idShareholder, idPerformance) VALUES (47, 'Merger_47', 'Initiated', 2012, 77, 36, 4, 22);
INSERT INTO MnADeals (idDeal, MergerName, dealStage, dealDate, idCompany, idValuation, idShareholder, idPerformance) VALUES (48, 'Merger_48', 'Pending', 2015, 97, 37, 50, 25);
INSERT INTO MnADeals (idDeal, MergerName, dealStage, dealDate, idCompany, idValuation, idShareholder, idPerformance) VALUES (49, 'Merger_49', 'Initiated', 2016, 95, 82, 99, 13);
INSERT INTO MnADeals (idDeal, MergerName, dealStage, dealDate, idCompany, idValuation, idShareholder, idPerformance) VALUES (50, 'Merger_50', 'Initiated', 2014, 80, 9, 63, 30);
INSERT INTO MnADeals (idDeal, MergerName, dealStage, dealDate, idCompany, idValuation, idShareholder, idPerformance) VALUES (51, 'Merger_51', 'Initiated', 2012, 72, 72, 50, 91);
INSERT INTO MnADeals (idDeal, MergerName, dealStage, dealDate, idCompany, idValuation, idShareholder, idPerformance) VALUES (52, 'Merger_52', 'Initiated', 2021, 47, 6, 60, 63);
INSERT INTO MnADeals (idDeal, MergerName, dealStage, dealDate, idCompany, idValuation, idShareholder, idPerformance) VALUES (53, 'Merger_53', 'Pending', 2021, 63, 23, 78, 42);
INSERT INTO MnADeals (idDeal, MergerName, dealStage, dealDate, idCompany, idValuation, idShareholder, idPerformance) VALUES (54, 'Merger_54', 'Pending', 2017, 42, 18, 28, 66);
INSERT INTO MnADeals (idDeal, MergerName, dealStage, dealDate, idCompany, idValuation, idShareholder, idPerformance) VALUES (55, 'Merger_55', 'Initiated', 2022, 25, 48, 85, 9);
INSERT INTO MnADeals (idDeal, MergerName, dealStage, dealDate, idCompany, idValuation, idShareholder, idPerformance) VALUES (56, 'Merger_56', 'Pending', 2010, 50, 100, 38, 16);
INSERT INTO MnADeals (idDeal, MergerName, dealStage, dealDate, idCompany, idValuation, idShareholder, idPerformance) VALUES (57, 'Merger_57', 'Pending', 2016, 32, 77, 45, 15);
INSERT INTO MnADeals (idDeal, MergerName, dealStage, dealDate, idCompany, idValuation, idShareholder, idPerformance) VALUES (58, 'Merger_58', 'Pending', 2012, 100, 49, 20, 18);
INSERT INTO MnADeals (idDeal, MergerName, dealStage, dealDate, idCompany, idValuation, idShareholder, idPerformance) VALUES (59, 'Merger_59', 'Completed', 2010, 70, 29, 9, 90);
INSERT INTO MnADeals (idDeal, MergerName, dealStage, dealDate, idCompany, idValuation, idShareholder, idPerformance) VALUES (60, 'Merger_60', 'Pending', 2017, 94, 43, 10, 5);
INSERT INTO MnADeals (idDeal, MergerName, dealStage, dealDate, idCompany, idValuation, idShareholder, idPerformance) VALUES (61, 'Merger_61', 'Completed', 2020, 51, 21, 50, 55);
INSERT INTO MnADeals (idDeal, MergerName, dealStage, dealDate, idCompany, idValuation, idShareholder, idPerformance) VALUES (62, 'Merger_62', 'Completed', 2019, 12, 37, 88, 98);
INSERT INTO MnADeals (idDeal, MergerName, dealStage, dealDate, idCompany, idValuation, idShareholder, idPerformance) VALUES (63, 'Merger_63', 'Pending', 2022, 44, 15, 53, 36);
INSERT INTO MnADeals (idDeal, MergerName, dealStage, dealDate, idCompany, idValuation, idShareholder, idPerformance) VALUES (64, 'Merger_64', 'Initiated', 2020, 35, 9, 44, 54);
INSERT INTO MnADeals (idDeal, MergerName, dealStage, dealDate, idCompany, idValuation, idShareholder, idPerformance) VALUES (65, 'Merger_65', 'Completed', 2019, 7, 97, 32, 58);
INSERT INTO MnADeals (idDeal, MergerName, dealStage, dealDate, idCompany, idValuation, idShareholder, idPerformance) VALUES (66, 'Merger_66', 'Pending', 2020, 97, 11, 19, 25);
INSERT INTO MnADeals (idDeal, MergerName, dealStage, dealDate, idCompany, idValuation, idShareholder, idPerformance) VALUES (67, 'Merger_67', 'Initiated', 2015, 46, 18, 46, 63);
INSERT INTO MnADeals (idDeal, MergerName, dealStage, dealDate, idCompany, idValuation, idShareholder, idPerformance) VALUES (68, 'Merger_68', 'Initiated', 2023, 91, 15, 68, 22);
INSERT INTO MnADeals (idDeal, MergerName, dealStage, dealDate, idCompany, idValuation, idShareholder, idPerformance) VALUES (69, 'Merger_69', 'Completed', 2011, 74, 27, 35, 33);
INSERT INTO MnADeals (idDeal, MergerName, dealStage, dealDate, idCompany, idValuation, idShareholder, idPerformance) VALUES (70, 'Merger_70', 'Initiated', 2020, 46, 51, 98, 65);
INSERT INTO MnADeals (idDeal, MergerName, dealStage, dealDate, idCompany, idValuation, idShareholder, idPerformance) VALUES (71, 'Merger_71', 'Completed', 2010, 51, 23, 8, 68);
INSERT INTO MnADeals (idDeal, MergerName, dealStage, dealDate, idCompany, idValuation, idShareholder, idPerformance) VALUES (72, 'Merger_72', 'Initiated', 2017, 49, 58, 93, 22);
INSERT INTO MnADeals (idDeal, MergerName, dealStage, dealDate, idCompany, idValuation, idShareholder, idPerformance) VALUES (73, 'Merger_73', 'Initiated', 2012, 35, 11, 5, 49);
INSERT INTO MnADeals (idDeal, MergerName, dealStage, dealDate, idCompany, idValuation, idShareholder, idPerformance) VALUES (74, 'Merger_74', 'Initiated', 2015, 51, 54, 50, 44);
INSERT INTO MnADeals (idDeal, MergerName, dealStage, dealDate, idCompany, idValuation, idShareholder, idPerformance) VALUES (75, 'Merger_75', 'Completed', 2019, 53, 83, 31, 5);
INSERT INTO MnADeals (idDeal, MergerName, dealStage, dealDate, idCompany, idValuation, idShareholder, idPerformance) VALUES (76, 'Merger_76', 'Pending', 2016, 8, 93, 52, 13);
INSERT INTO MnADeals (idDeal, MergerName, dealStage, dealDate, idCompany, idValuation, idShareholder, idPerformance) VALUES (77, 'Merger_77', 'Completed', 2021, 71, 16, 33, 81);
INSERT INTO MnADeals (idDeal, MergerName, dealStage, dealDate, idCompany, idValuation, idShareholder, idPerformance) VALUES (78, 'Merger_78', 'Completed', 2011, 46, 11, 33, 7);
INSERT INTO MnADeals (idDeal, MergerName, dealStage, dealDate, idCompany, idValuation, idShareholder, idPerformance) VALUES (79, 'Merger_79', 'Pending', 2022, 51, 81, 98, 92);
INSERT INTO MnADeals (idDeal, MergerName, dealStage, dealDate, idCompany, idValuation, idShareholder, idPerformance) VALUES (80, 'Merger_80', 'Initiated', 2010, 32, 95, 2, 89);
INSERT INTO MnADeals (idDeal, MergerName, dealStage, dealDate, idCompany, idValuation, idShareholder, idPerformance) VALUES (81, 'Merger_81', 'Pending', 2022, 32, 81, 88, 61);
INSERT INTO MnADeals (idDeal, MergerName, dealStage, dealDate, idCompany, idValuation, idShareholder, idPerformance) VALUES (82, 'Merger_82', 'Initiated', 2015, 11, 6, 14, 21);
INSERT INTO MnADeals (idDeal, MergerName, dealStage, dealDate, idCompany, idValuation, idShareholder, idPerformance) VALUES (83, 'Merger_83', 'Initiated', 2023, 11, 49, 57, 10);
INSERT INTO MnADeals (idDeal, MergerName, dealStage, dealDate, idCompany, idValuation, idShareholder, idPerformance) VALUES (84, 'Merger_84', 'Initiated', 2013, 76, 21, 53, 85);
INSERT INTO MnADeals (idDeal, MergerName, dealStage, dealDate, idCompany, idValuation, idShareholder, idPerformance) VALUES (85, 'Merger_85', 'Initiated', 2022, 92, 19, 89, 27);
INSERT INTO MnADeals (idDeal, MergerName, dealStage, dealDate, idCompany, idValuation, idShareholder, idPerformance) VALUES (86, 'Merger_86', 'Initiated', 2020, 28, 95, 90, 19);
INSERT INTO MnADeals (idDeal, MergerName, dealStage, dealDate, idCompany, idValuation, idShareholder, idPerformance) VALUES (87, 'Merger_87', 'Pending', 2017, 15, 63, 32, 3);
INSERT INTO MnADeals (idDeal, MergerName, dealStage, dealDate, idCompany, idValuation, idShareholder, idPerformance) VALUES (88, 'Merger_88', 'Pending', 2017, 91, 35, 3, 96);
INSERT INTO MnADeals (idDeal, MergerName, dealStage, dealDate, idCompany, idValuation, idShareholder, idPerformance) VALUES (89, 'Merger_89', 'Pending', 2019, 19, 31, 82, 36);
INSERT INTO MnADeals (idDeal, MergerName, dealStage, dealDate, idCompany, idValuation, idShareholder, idPerformance) VALUES (90, 'Merger_90', 'Pending', 2013, 81, 100, 32, 92);
INSERT INTO MnADeals (idDeal, MergerName, dealStage, dealDate, idCompany, idValuation, idShareholder, idPerformance) VALUES (91, 'Merger_91', 'Pending', 2023, 97, 99, 84, 51);
INSERT INTO MnADeals (idDeal, MergerName, dealStage, dealDate, idCompany, idValuation, idShareholder, idPerformance) VALUES (92, 'Merger_92', 'Pending', 2010, 1, 62, 3, 43);
INSERT INTO MnADeals (idDeal, MergerName, dealStage, dealDate, idCompany, idValuation, idShareholder, idPerformance) VALUES (93, 'Merger_93', 'Completed', 2011, 86, 61, 76, 23);
INSERT INTO MnADeals (idDeal, MergerName, dealStage, dealDate, idCompany, idValuation, idShareholder, idPerformance) VALUES (94, 'Merger_94', 'Completed', 2018, 100, 37, 61, 26);
INSERT INTO MnADeals (idDeal, MergerName, dealStage, dealDate, idCompany, idValuation, idShareholder, idPerformance) VALUES (95, 'Merger_95', 'Completed', 2017, 35, 26, 75, 15);
INSERT INTO MnADeals (idDeal, MergerName, dealStage, dealDate, idCompany, idValuation, idShareholder, idPerformance) VALUES (96, 'Merger_96', 'Completed', 2023, 64, 31, 63, 67);
INSERT INTO MnADeals (idDeal, MergerName, dealStage, dealDate, idCompany, idValuation, idShareholder, idPerformance) VALUES (97, 'Merger_97', 'Pending', 2020, 89, 84, 42, 57);
INSERT INTO MnADeals (idDeal, MergerName, dealStage, dealDate, idCompany, idValuation, idShareholder, idPerformance) VALUES (98, 'Merger_98', 'Completed', 2020, 58, 59, 52, 52);
INSERT INTO MnADeals (idDeal, MergerName, dealStage, dealDate, idCompany, idValuation, idShareholder, idPerformance) VALUES (99, 'Merger_99', 'Pending', 2010, 55, 60, 22, 90);
INSERT INTO MnADeals (idDeal, MergerName, dealStage, dealDate, idCompany, idValuation, idShareholder, idPerformance) VALUES (100, 'Merger_100', 'Completed', 2016, 28, 58, 31, 93);



#Historical Mergers
INSERT INTO HistoricalMergers (idHistory, prevDealName, prevDealDate, prevDealValue, idCompany) VALUES (1, 'Deal_1', '2022-07-08', 909000000.0, 34);
INSERT INTO HistoricalMergers (idHistory, prevDealName, prevDealDate, prevDealValue, idCompany) VALUES (2, 'Deal_2', '2023-07-15', 787000000.0, 36);
INSERT INTO HistoricalMergers (idHistory, prevDealName, prevDealDate, prevDealValue, idCompany) VALUES (3, 'Deal_3', '2021-06-18', 551000000.0, 86);
INSERT INTO HistoricalMergers (idHistory, prevDealName, prevDealDate, prevDealValue, idCompany) VALUES (4, 'Deal_4', '2020-01-28', 639000000.0, 19);
INSERT INTO HistoricalMergers (idHistory, prevDealName, prevDealDate, prevDealValue, idCompany) VALUES (5, 'Deal_5', '2022-12-08', 515000000.0, 20);
INSERT INTO HistoricalMergers (idHistory, prevDealName, prevDealDate, prevDealValue, idCompany) VALUES (6, 'Deal_6', '2023-10-21', 879000000.0, 72);
INSERT INTO HistoricalMergers (idHistory, prevDealName, prevDealDate, prevDealValue, idCompany) VALUES (7, 'Deal_7', '2020-08-28', 657000000.0, 57);
INSERT INTO HistoricalMergers (idHistory, prevDealName, prevDealDate, prevDealValue, idCompany) VALUES (8, 'Deal_8', '2021-04-09', 283000000.0, 62);
INSERT INTO HistoricalMergers (idHistory, prevDealName, prevDealDate, prevDealValue, idCompany) VALUES (9, 'Deal_9', '2021-09-06', 361000000.0, 70);
INSERT INTO HistoricalMergers (idHistory, prevDealName, prevDealDate, prevDealValue, idCompany) VALUES (10, 'Deal_10', '2020-01-05', 40000000.0, 1);
INSERT INTO HistoricalMergers (idHistory, prevDealName, prevDealDate, prevDealValue, idCompany) VALUES (11, 'Deal_11', '2020-10-27', 41000000.0, 39);
INSERT INTO HistoricalMergers (idHistory, prevDealName, prevDealDate, prevDealValue, idCompany) VALUES (12, 'Deal_12', '2022-12-08', 169000000.0, 91);
INSERT INTO HistoricalMergers (idHistory, prevDealName, prevDealDate, prevDealValue, idCompany) VALUES (13, 'Deal_13', '2023-04-26', 972000000.0, 64);
INSERT INTO HistoricalMergers (idHistory, prevDealName, prevDealDate, prevDealValue, idCompany) VALUES (14, 'Deal_14', '2021-09-14', 64000000.0, 20);
INSERT INTO HistoricalMergers (idHistory, prevDealName, prevDealDate, prevDealValue, idCompany) VALUES (15, 'Deal_15', '2022-11-17', 481000000.0, 37);
INSERT INTO HistoricalMergers (idHistory, prevDealName, prevDealDate, prevDealValue, idCompany) VALUES (16, 'Deal_16', '2020-11-10', 64000000.0, 25);
INSERT INTO HistoricalMergers (idHistory, prevDealName, prevDealDate, prevDealValue, idCompany) VALUES (17, 'Deal_17', '2023-12-05', 958000000.0, 32);
INSERT INTO HistoricalMergers (idHistory, prevDealName, prevDealDate, prevDealValue, idCompany) VALUES (18, 'Deal_18', '2020-04-02', 438000000.0, 18);
INSERT INTO HistoricalMergers (idHistory, prevDealName, prevDealDate, prevDealValue, idCompany) VALUES (19, 'Deal_19', '2023-10-08', 781000000.0, 86);
INSERT INTO HistoricalMergers (idHistory, prevDealName, prevDealDate, prevDealValue, idCompany) VALUES (20, 'Deal_20', '2022-02-23', 23000000.0, 67);
INSERT INTO HistoricalMergers (idHistory, prevDealName, prevDealDate, prevDealValue, idCompany) VALUES (21, 'Deal_21', '2022-02-09', 896000000.0, 28);
INSERT INTO HistoricalMergers (idHistory, prevDealName, prevDealDate, prevDealValue, idCompany) VALUES (22, 'Deal_22', '2021-07-18', 983000000.0, 43);
INSERT INTO HistoricalMergers (idHistory, prevDealName, prevDealDate, prevDealValue, idCompany) VALUES (23, 'Deal_23', '2022-04-16', 1000000.0, 27);
INSERT INTO HistoricalMergers (idHistory, prevDealName, prevDealDate, prevDealValue, idCompany) VALUES (24, 'Deal_24', '2022-11-18', 266000000.0, 39);
INSERT INTO HistoricalMergers (idHistory, prevDealName, prevDealDate, prevDealValue, idCompany) VALUES (25, 'Deal_25', '2020-10-10', 901000000.0, 61);
INSERT INTO HistoricalMergers (idHistory, prevDealName, prevDealDate, prevDealValue, idCompany) VALUES (26, 'Deal_26', '2023-01-28', 221000000.0, 39);
INSERT INTO HistoricalMergers (idHistory, prevDealName, prevDealDate, prevDealValue, idCompany) VALUES (27, 'Deal_27', '2023-12-06', 687000000.0, 38);
INSERT INTO HistoricalMergers (idHistory, prevDealName, prevDealDate, prevDealValue, idCompany) VALUES (28, 'Deal_28', '2021-01-18', 462000000.0, 44);
INSERT INTO HistoricalMergers (idHistory, prevDealName, prevDealDate, prevDealValue, idCompany) VALUES (29, 'Deal_29', '2021-10-05', 838000000.0, 55);
INSERT INTO HistoricalMergers (idHistory, prevDealName, prevDealDate, prevDealValue, idCompany) VALUES (30, 'Deal_30', '2022-04-19', 80000000.0, 55);
INSERT INTO HistoricalMergers (idHistory, prevDealName, prevDealDate, prevDealValue, idCompany) VALUES (31, 'Deal_31', '2022-11-14', 175000000.0, 16);
INSERT INTO HistoricalMergers (idHistory, prevDealName, prevDealDate, prevDealValue, idCompany) VALUES (32, 'Deal_32', '2023-02-17', 857000000.0, 22);
INSERT INTO HistoricalMergers (idHistory, prevDealName, prevDealDate, prevDealValue, idCompany) VALUES (33, 'Deal_33', '2023-02-20', 694000000.0, 22);
INSERT INTO HistoricalMergers (idHistory, prevDealName, prevDealDate, prevDealValue, idCompany) VALUES (34, 'Deal_34', '2020-08-15', 468000000.0, 82);
INSERT INTO HistoricalMergers (idHistory, prevDealName, prevDealDate, prevDealValue, idCompany) VALUES (35, 'Deal_35', '2021-06-08', 170000000.0, 92);
INSERT INTO HistoricalMergers (idHistory, prevDealName, prevDealDate, prevDealValue, idCompany) VALUES (36, 'Deal_36', '2021-11-26', 475000000.0, 4);
INSERT INTO HistoricalMergers (idHistory, prevDealName, prevDealDate, prevDealValue, idCompany) VALUES (37, 'Deal_37', '2023-12-25', 896000000.0, 65);
INSERT INTO HistoricalMergers (idHistory, prevDealName, prevDealDate, prevDealValue, idCompany) VALUES (38, 'Deal_38', '2020-06-10', 218000000.0, 78);
INSERT INTO HistoricalMergers (idHistory, prevDealName, prevDealDate, prevDealValue, idCompany) VALUES (39, 'Deal_39', '2022-01-08', 972000000.0, 100);
INSERT INTO HistoricalMergers (idHistory, prevDealName, prevDealDate, prevDealValue, idCompany) VALUES (40, 'Deal_40', '2022-06-10', 688000000.0, 71);
INSERT INTO HistoricalMergers (idHistory, prevDealName, prevDealDate, prevDealValue, idCompany) VALUES (41, 'Deal_41', '2023-01-08', 246000000.0, 71);
INSERT INTO HistoricalMergers (idHistory, prevDealName, prevDealDate, prevDealValue, idCompany) VALUES (42, 'Deal_42', '2022-11-08', 972000000.0, 6);
INSERT INTO HistoricalMergers (idHistory, prevDealName, prevDealDate, prevDealValue, idCompany) VALUES (43, 'Deal_43', '2023-11-05', 4000000.0, 26);
INSERT INTO HistoricalMergers (idHistory, prevDealName, prevDealDate, prevDealValue, idCompany) VALUES (44, 'Deal_44', '2020-08-20', 962000000.0, 81);
INSERT INTO HistoricalMergers (idHistory, prevDealName, prevDealDate, prevDealValue, idCompany) VALUES (45, 'Deal_45', '2020-07-02', 602000000.0, 43);
INSERT INTO HistoricalMergers (idHistory, prevDealName, prevDealDate, prevDealValue, idCompany) VALUES (46, 'Deal_46', '2020-09-22', 507000000.0, 65);
INSERT INTO HistoricalMergers (idHistory, prevDealName, prevDealDate, prevDealValue, idCompany) VALUES (47, 'Deal_47', '2020-10-14', 11000000.0, 48);
INSERT INTO HistoricalMergers (idHistory, prevDealName, prevDealDate, prevDealValue, idCompany) VALUES (48, 'Deal_48', '2021-06-13', 71000000.0, 19);
INSERT INTO HistoricalMergers (idHistory, prevDealName, prevDealDate, prevDealValue, idCompany) VALUES (49, 'Deal_49', '2023-06-20', 722000000.0, 87);
INSERT INTO HistoricalMergers (idHistory, prevDealName, prevDealDate, prevDealValue, idCompany) VALUES (50, 'Deal_50', '2023-03-13', 781000000.0, 52);
INSERT INTO HistoricalMergers (idHistory, prevDealName, prevDealDate, prevDealValue, idCompany) VALUES (51, 'Deal_51', '2022-07-01', 157000000.0, 49);
INSERT INTO HistoricalMergers (idHistory, prevDealName, prevDealDate, prevDealValue, idCompany) VALUES (52, 'Deal_52', '2021-12-23', 295000000.0, 76);
INSERT INTO HistoricalMergers (idHistory, prevDealName, prevDealDate, prevDealValue, idCompany) VALUES (53, 'Deal_53', '2023-07-10', 381000000.0, 63);
INSERT INTO HistoricalMergers (idHistory, prevDealName, prevDealDate, prevDealValue, idCompany) VALUES (54, 'Deal_54', '2023-08-12', 666000000.0, 82);
INSERT INTO HistoricalMergers (idHistory, prevDealName, prevDealDate, prevDealValue, idCompany) VALUES (55, 'Deal_55', '2021-05-15', 186000000.0, 72);
INSERT INTO HistoricalMergers (idHistory, prevDealName, prevDealDate, prevDealValue, idCompany) VALUES (56, 'Deal_56', '2023-04-24', 593000000.0, 78);
INSERT INTO HistoricalMergers (idHistory, prevDealName, prevDealDate, prevDealValue, idCompany) VALUES (57, 'Deal_57', '2023-08-22', 453000000.0, 26);
INSERT INTO HistoricalMergers (idHistory, prevDealName, prevDealDate, prevDealValue, idCompany) VALUES (58, 'Deal_58', '2023-03-28', 817000000.0, 75);
INSERT INTO HistoricalMergers (idHistory, prevDealName, prevDealDate, prevDealValue, idCompany) VALUES (59, 'Deal_59', '2020-01-10', 803000000.0, 54);
INSERT INTO HistoricalMergers (idHistory, prevDealName, prevDealDate, prevDealValue, idCompany) VALUES (60, 'Deal_60', '2020-03-05', 959000000.0, 80);
INSERT INTO HistoricalMergers (idHistory, prevDealName, prevDealDate, prevDealValue, idCompany) VALUES (61, 'Deal_61', '2021-11-25', 287000000.0, 52);
INSERT INTO HistoricalMergers (idHistory, prevDealName, prevDealDate, prevDealValue, idCompany) VALUES (62, 'Deal_62', '2023-06-17', 107000000.0, 63);
INSERT INTO HistoricalMergers (idHistory, prevDealName, prevDealDate, prevDealValue, idCompany) VALUES (63, 'Deal_63', '2020-04-26', 931000000.0, 47);
INSERT INTO HistoricalMergers (idHistory, prevDealName, prevDealDate, prevDealValue, idCompany) VALUES (64, 'Deal_64', '2020-05-18', 135000000.0, 85);
INSERT INTO HistoricalMergers (idHistory, prevDealName, prevDealDate, prevDealValue, idCompany) VALUES (65, 'Deal_65', '2023-08-28', 513000000.0, 54);
INSERT INTO HistoricalMergers (idHistory, prevDealName, prevDealDate, prevDealValue, idCompany) VALUES (66, 'Deal_66', '2022-01-13', 670000000.0, 71);
INSERT INTO HistoricalMergers (idHistory, prevDealName, prevDealDate, prevDealValue, idCompany) VALUES (67, 'Deal_67', '2021-05-24', 583000000.0, 16);
INSERT INTO HistoricalMergers (idHistory, prevDealName, prevDealDate, prevDealValue, idCompany) VALUES (68, 'Deal_68', '2021-11-03', 285000000.0, 17);
INSERT INTO HistoricalMergers (idHistory, prevDealName, prevDealDate, prevDealValue, idCompany) VALUES (69, 'Deal_69', '2022-02-27', 98000000.0, 91);
INSERT INTO HistoricalMergers (idHistory, prevDealName, prevDealDate, prevDealValue, idCompany) VALUES (70, 'Deal_70', '2023-08-09', 25000000.0, 83);
INSERT INTO HistoricalMergers (idHistory, prevDealName, prevDealDate, prevDealValue, idCompany) VALUES (71, 'Deal_71', '2022-06-08', 786000000.0, 83);
INSERT INTO HistoricalMergers (idHistory, prevDealName, prevDealDate, prevDealValue, idCompany) VALUES (72, 'Deal_72', '2022-03-23', 977000000.0, 44);
INSERT INTO HistoricalMergers (idHistory, prevDealName, prevDealDate, prevDealValue, idCompany) VALUES (73, 'Deal_73', '2021-08-23', 596000000.0, 55);
INSERT INTO HistoricalMergers (idHistory, prevDealName, prevDealDate, prevDealValue, idCompany) VALUES (74, 'Deal_74', '2023-05-18', 918000000.0, 69);
INSERT INTO HistoricalMergers (idHistory, prevDealName, prevDealDate, prevDealValue, idCompany) VALUES (75, 'Deal_75', '2020-05-02', 432000000.0, 73);
INSERT INTO HistoricalMergers (idHistory, prevDealName, prevDealDate, prevDealValue, idCompany) VALUES (76, 'Deal_76', '2021-02-25', 333000000.0, 48);
INSERT INTO HistoricalMergers (idHistory, prevDealName, prevDealDate, prevDealValue, idCompany) VALUES (77, 'Deal_77', '2023-08-10', 560000000.0, 29);
INSERT INTO HistoricalMergers (idHistory, prevDealName, prevDealDate, prevDealValue, idCompany) VALUES (78, 'Deal_78', '2022-05-16', 534000000.0, 29);
INSERT INTO HistoricalMergers (idHistory, prevDealName, prevDealDate, prevDealValue, idCompany) VALUES (79, 'Deal_79', '2023-02-05', 933000000.0, 54);
INSERT INTO HistoricalMergers (idHistory, prevDealName, prevDealDate, prevDealValue, idCompany) VALUES (80, 'Deal_80', '2020-11-28', 923000000.0, 27);
INSERT INTO HistoricalMergers (idHistory, prevDealName, prevDealDate, prevDealValue, idCompany) VALUES (81, 'Deal_81', '2022-04-18', 458000000.0, 12);
INSERT INTO HistoricalMergers (idHistory, prevDealName, prevDealDate, prevDealValue, idCompany) VALUES (82, 'Deal_82', '2023-01-17', 7000000.0, 80);
INSERT INTO HistoricalMergers (idHistory, prevDealName, prevDealDate, prevDealValue, idCompany) VALUES (83, 'Deal_83', '2021-01-24', 93000000.0, 46);
INSERT INTO HistoricalMergers (idHistory, prevDealName, prevDealDate, prevDealValue, idCompany) VALUES (84, 'Deal_84', '2020-06-28', 615000000.0, 75);
INSERT INTO HistoricalMergers (idHistory, prevDealName, prevDealDate, prevDealValue, idCompany) VALUES (85, 'Deal_85', '2022-04-19', 580000000.0, 38);
INSERT INTO HistoricalMergers (idHistory, prevDealName, prevDealDate, prevDealValue, idCompany) VALUES (86, 'Deal_86', '2020-10-24', 623000000.0, 60);
INSERT INTO HistoricalMergers (idHistory, prevDealName, prevDealDate, prevDealValue, idCompany) VALUES (87, 'Deal_87', '2020-11-03', 797000000.0, 69);
INSERT INTO HistoricalMergers (idHistory, prevDealName, prevDealDate, prevDealValue, idCompany) VALUES (88, 'Deal_88', '2021-08-18', 862000000.0, 2);
INSERT INTO HistoricalMergers (idHistory, prevDealName, prevDealDate, prevDealValue, idCompany) VALUES (89, 'Deal_89', '2023-01-20', 979000000.0, 94);
INSERT INTO HistoricalMergers (idHistory, prevDealName, prevDealDate, prevDealValue, idCompany) VALUES (90, 'Deal_90', '2021-03-12', 483000000.0, 78);
INSERT INTO HistoricalMergers (idHistory, prevDealName, prevDealDate, prevDealValue, idCompany) VALUES (91, 'Deal_91', '2022-05-28', 75000000.0, 88);
INSERT INTO HistoricalMergers (idHistory, prevDealName, prevDealDate, prevDealValue, idCompany) VALUES (92, 'Deal_92', '2021-06-01', 799000000.0, 12);
INSERT INTO HistoricalMergers (idHistory, prevDealName, prevDealDate, prevDealValue, idCompany) VALUES (93, 'Deal_93', '2021-06-13', 362000000.0, 65);
INSERT INTO HistoricalMergers (idHistory, prevDealName, prevDealDate, prevDealValue, idCompany) VALUES (94, 'Deal_94', '2023-12-22', 885000000.0, 30);
INSERT INTO HistoricalMergers (idHistory, prevDealName, prevDealDate, prevDealValue, idCompany) VALUES (95, 'Deal_95', '2023-10-24', 181000000.0, 99);
INSERT INTO HistoricalMergers (idHistory, prevDealName, prevDealDate, prevDealValue, idCompany) VALUES (96, 'Deal_96', '2020-08-28', 118000000.0, 51);
INSERT INTO HistoricalMergers (idHistory, prevDealName, prevDealDate, prevDealValue, idCompany) VALUES (97, 'Deal_97', '2021-10-19', 391000000.0, 34);
INSERT INTO HistoricalMergers (idHistory, prevDealName, prevDealDate, prevDealValue, idCompany) VALUES (98, 'Deal_98', '2022-08-12', 128000000.0, 79);
INSERT INTO HistoricalMergers (idHistory, prevDealName, prevDealDate, prevDealValue, idCompany) VALUES (99, 'Deal_99', '2022-07-06', 798000000.0, 99);
INSERT INTO HistoricalMergers (idHistory, prevDealName, prevDealDate, prevDealValue, idCompany) VALUES (100, 'Deal_100', '2022-09-08', 698000000.0, 78);

#Company Debt Details
INSERT INTO CompanyDebtDetails (idDebt, debtType, debtAmount, maturityDate, idCompany) VALUES (1, 'Convertible Note', 138555757.05, '2024-02-13', 10);
INSERT INTO CompanyDebtDetails (idDebt, debtType, debtAmount, maturityDate, idCompany) VALUES (2, 'Loan', 284465010.14, '2026-11-16', 62);
INSERT INTO CompanyDebtDetails (idDebt, debtType, debtAmount, maturityDate, idCompany) VALUES (3, 'Convertible Note', 431025148.69, '2026-09-16', 98);
INSERT INTO CompanyDebtDetails (idDebt, debtType, debtAmount, maturityDate, idCompany) VALUES (4, 'Convertible Note', 157521507.69, '2026-04-10', 23);
INSERT INTO CompanyDebtDetails (idDebt, debtType, debtAmount, maturityDate, idCompany) VALUES (5, 'Bond', 284887700.11, '2024-06-22', 23);
INSERT INTO CompanyDebtDetails (idDebt, debtType, debtAmount, maturityDate, idCompany) VALUES (6, 'Bond', 208068856.34, '2024-06-14', 88);
INSERT INTO CompanyDebtDetails (idDebt, debtType, debtAmount, maturityDate, idCompany) VALUES (7, 'Convertible Note', 237597504.53, '2025-11-14', 30);
INSERT INTO CompanyDebtDetails (idDebt, debtType, debtAmount, maturityDate, idCompany) VALUES (8, 'Convertible Note', 434731811.28, '2026-10-18', 65);
INSERT INTO CompanyDebtDetails (idDebt, debtType, debtAmount, maturityDate, idCompany) VALUES (9, 'Loan', 35050244.82, '2028-07-06', 68);
INSERT INTO CompanyDebtDetails (idDebt, debtType, debtAmount, maturityDate, idCompany) VALUES (10, 'Convertible Note', 77663642.65, '2024-04-18', 48);
INSERT INTO CompanyDebtDetails (idDebt, debtType, debtAmount, maturityDate, idCompany) VALUES (11, 'Loan', 153136491.85, '2027-02-14', 35);
INSERT INTO CompanyDebtDetails (idDebt, debtType, debtAmount, maturityDate, idCompany) VALUES (12, 'Convertible Note', 353487940.83, '2029-11-05', 23);
INSERT INTO CompanyDebtDetails (idDebt, debtType, debtAmount, maturityDate, idCompany) VALUES (13, 'Convertible Note', 340760924.72, '2026-04-10', 59);
INSERT INTO CompanyDebtDetails (idDebt, debtType, debtAmount, maturityDate, idCompany) VALUES (14, 'Convertible Note', 409219448.86, '2026-03-27', 94);
INSERT INTO CompanyDebtDetails (idDebt, debtType, debtAmount, maturityDate, idCompany) VALUES (15, 'Loan', 33448398.05, '2026-09-05', 14);
INSERT INTO CompanyDebtDetails (idDebt, debtType, debtAmount, maturityDate, idCompany) VALUES (16, 'Convertible Note', 194617355.0, '2024-04-19', 22);
INSERT INTO CompanyDebtDetails (idDebt, debtType, debtAmount, maturityDate, idCompany) VALUES (17, 'Convertible Note', 99110708.42, '2028-06-08', 82);
INSERT INTO CompanyDebtDetails (idDebt, debtType, debtAmount, maturityDate, idCompany) VALUES (18, 'Loan', 168725104.97, '2024-11-25', 87);
INSERT INTO CompanyDebtDetails (idDebt, debtType, debtAmount, maturityDate, idCompany) VALUES (19, 'Loan', 72661854.01, '2024-07-10', 7);
INSERT INTO CompanyDebtDetails (idDebt, debtType, debtAmount, maturityDate, idCompany) VALUES (20, 'Loan', 396663845.37, '2026-09-17', 58);
INSERT INTO CompanyDebtDetails (idDebt, debtType, debtAmount, maturityDate, idCompany) VALUES (21, 'Convertible Note', 417704569.24, '2026-07-06', 60);
INSERT INTO CompanyDebtDetails (idDebt, debtType, debtAmount, maturityDate, idCompany) VALUES (22, 'Bond', 248247762.3, '2024-01-24', 86);
INSERT INTO CompanyDebtDetails (idDebt, debtType, debtAmount, maturityDate, idCompany) VALUES (23, 'Bond', 190459397.08, '2027-11-22', 26);
INSERT INTO CompanyDebtDetails (idDebt, debtType, debtAmount, maturityDate, idCompany) VALUES (24, 'Convertible Note', 187928509.72, '2025-09-13', 36);
INSERT INTO CompanyDebtDetails (idDebt, debtType, debtAmount, maturityDate, idCompany) VALUES (25, 'Convertible Note', 414770595.27, '2024-02-16', 53);
INSERT INTO CompanyDebtDetails (idDebt, debtType, debtAmount, maturityDate, idCompany) VALUES (26, 'Loan', 81416636.46, '2027-10-19', 87);
INSERT INTO CompanyDebtDetails (idDebt, debtType, debtAmount, maturityDate, idCompany) VALUES (27, 'Convertible Note', 490792122.65, '2024-12-26', 76);
INSERT INTO CompanyDebtDetails (idDebt, debtType, debtAmount, maturityDate, idCompany) VALUES (28, 'Bond', 23054231.9, '2025-06-10', 30);
INSERT INTO CompanyDebtDetails (idDebt, debtType, debtAmount, maturityDate, idCompany) VALUES (29, 'Loan', 311434132.27, '2028-07-11', 12);
INSERT INTO CompanyDebtDetails (idDebt, debtType, debtAmount, maturityDate, idCompany) VALUES (30, 'Convertible Note', 409314463.17, '2025-03-24', 28);
INSERT INTO CompanyDebtDetails (idDebt, debtType, debtAmount, maturityDate, idCompany) VALUES (31, 'Convertible Note', 252452573.31, '2024-08-05', 37);
INSERT INTO CompanyDebtDetails (idDebt, debtType, debtAmount, maturityDate, idCompany) VALUES (32, 'Convertible Note', 435939149.44, '2025-03-14', 34);
INSERT INTO CompanyDebtDetails (idDebt, debtType, debtAmount, maturityDate, idCompany) VALUES (33, 'Bond', 403074367.1, '2029-07-15', 20);
INSERT INTO CompanyDebtDetails (idDebt, debtType, debtAmount, maturityDate, idCompany) VALUES (34, 'Loan', 358757508.04, '2028-12-07', 32);
INSERT INTO CompanyDebtDetails (idDebt, debtType, debtAmount, maturityDate, idCompany) VALUES (35, 'Bond', 277283715.31, '2028-09-06', 58);
INSERT INTO CompanyDebtDetails (idDebt, debtType, debtAmount, maturityDate, idCompany) VALUES (36, 'Loan', 464060688.78, '2024-03-23', 89);
INSERT INTO CompanyDebtDetails (idDebt, debtType, debtAmount, maturityDate, idCompany) VALUES (37, 'Loan', 314784382.53, '2029-01-03', 47);
INSERT INTO CompanyDebtDetails (idDebt, debtType, debtAmount, maturityDate, idCompany) VALUES (38, 'Loan', 407150452.64, '2028-03-22', 97);
INSERT INTO CompanyDebtDetails (idDebt, debtType, debtAmount, maturityDate, idCompany) VALUES (39, 'Loan', 431992109.86, '2028-05-21', 23);
INSERT INTO CompanyDebtDetails (idDebt, debtType, debtAmount, maturityDate, idCompany) VALUES (40, 'Loan', 437701502.03, '2027-12-26', 37);
INSERT INTO CompanyDebtDetails (idDebt, debtType, debtAmount, maturityDate, idCompany) VALUES (41, 'Loan', 496993427.09, '2029-09-11', 40);
INSERT INTO CompanyDebtDetails (idDebt, debtType, debtAmount, maturityDate, idCompany) VALUES (42, 'Loan', 173912253.62, '2028-04-05', 3);
INSERT INTO CompanyDebtDetails (idDebt, debtType, debtAmount, maturityDate, idCompany) VALUES (43, 'Bond', 364483859.91, '2026-11-07', 43);
INSERT INTO CompanyDebtDetails (idDebt, debtType, debtAmount, maturityDate, idCompany) VALUES (44, 'Bond', 453228302.16, '2028-12-06', 88);
INSERT INTO CompanyDebtDetails (idDebt, debtType, debtAmount, maturityDate, idCompany) VALUES (45, 'Loan', 130185210.01, '2026-10-01', 45);
INSERT INTO CompanyDebtDetails (idDebt, debtType, debtAmount, maturityDate, idCompany) VALUES (46, 'Loan', 476916540.32, '2025-01-22', 7);
INSERT INTO CompanyDebtDetails (idDebt, debtType, debtAmount, maturityDate, idCompany) VALUES (47, 'Bond', 371159875.93, '2027-02-26', 78);
INSERT INTO CompanyDebtDetails (idDebt, debtType, debtAmount, maturityDate, idCompany) VALUES (48, 'Convertible Note', 303098502.22, '2029-03-17', 54);
INSERT INTO CompanyDebtDetails (idDebt, debtType, debtAmount, maturityDate, idCompany) VALUES (49, 'Bond', 40875187.11, '2024-12-17', 28);
INSERT INTO CompanyDebtDetails (idDebt, debtType, debtAmount, maturityDate, idCompany) VALUES (50, 'Bond', 254740890.79, '2025-03-24', 68);
INSERT INTO CompanyDebtDetails (idDebt, debtType, debtAmount, maturityDate, idCompany) VALUES (51, 'Bond', 358202883.53, '2026-02-17', 22);
INSERT INTO CompanyDebtDetails (idDebt, debtType, debtAmount, maturityDate, idCompany) VALUES (52, 'Convertible Note', 449911597.06, '2029-09-07', 92);
INSERT INTO CompanyDebtDetails (idDebt, debtType, debtAmount, maturityDate, idCompany) VALUES (53, 'Loan', 25026177.64, '2025-01-04', 8);
INSERT INTO CompanyDebtDetails (idDebt, debtType, debtAmount, maturityDate, idCompany) VALUES (54, 'Bond', 281112063.39, '2027-02-19', 72);
INSERT INTO CompanyDebtDetails (idDebt, debtType, debtAmount, maturityDate, idCompany) VALUES (55, 'Convertible Note', 363225364.69, '2028-09-17', 32);
INSERT INTO CompanyDebtDetails (idDebt, debtType, debtAmount, maturityDate, idCompany) VALUES (56, 'Bond', 284697362.91, '2029-02-01', 89);
INSERT INTO CompanyDebtDetails (idDebt, debtType, debtAmount, maturityDate, idCompany) VALUES (57, 'Convertible Note', 180077420.51, '2024-09-27', 99);
INSERT INTO CompanyDebtDetails (idDebt, debtType, debtAmount, maturityDate, idCompany) VALUES (58, 'Loan', 294074623.99, '2029-07-21', 20);
INSERT INTO CompanyDebtDetails (idDebt, debtType, debtAmount, maturityDate, idCompany) VALUES (59, 'Loan', 446605191.66, '2029-08-10', 35);
INSERT INTO CompanyDebtDetails (idDebt, debtType, debtAmount, maturityDate, idCompany) VALUES (60, 'Bond', 177105828.86, '2025-05-10', 90);
INSERT INTO CompanyDebtDetails (idDebt, debtType, debtAmount, maturityDate, idCompany) VALUES (61, 'Convertible Note', 260490711.7, '2025-02-06', 70);
INSERT INTO CompanyDebtDetails (idDebt, debtType, debtAmount, maturityDate, idCompany) VALUES (62, 'Bond', 286285813.29, '2026-04-26', 87);
INSERT INTO CompanyDebtDetails (idDebt, debtType, debtAmount, maturityDate, idCompany) VALUES (63, 'Convertible Note', 463825096.56, '2029-10-27', 34);
INSERT INTO CompanyDebtDetails (idDebt, debtType, debtAmount, maturityDate, idCompany) VALUES (64, 'Convertible Note', 166454899.36, '2028-09-08', 25);
INSERT INTO CompanyDebtDetails (idDebt, debtType, debtAmount, maturityDate, idCompany) VALUES (65, 'Convertible Note', 85645073.37, '2028-07-25', 97);
INSERT INTO CompanyDebtDetails (idDebt, debtType, debtAmount, maturityDate, idCompany) VALUES (66, 'Convertible Note', 334455037.73, '2024-01-18', 22);
INSERT INTO CompanyDebtDetails (idDebt, debtType, debtAmount, maturityDate, idCompany) VALUES (67, 'Convertible Note', 90982877.1, '2026-05-04', 4);
INSERT INTO CompanyDebtDetails (idDebt, debtType, debtAmount, maturityDate, idCompany) VALUES (68, 'Bond', 136819459.96, '2029-04-23', 93);
INSERT INTO CompanyDebtDetails (idDebt, debtType, debtAmount, maturityDate, idCompany) VALUES (69, 'Loan', 400453194.32, '2025-01-05', 30);
INSERT INTO CompanyDebtDetails (idDebt, debtType, debtAmount, maturityDate, idCompany) VALUES (70, 'Bond', 248686361.12, '2024-09-22', 63);
INSERT INTO CompanyDebtDetails (idDebt, debtType, debtAmount, maturityDate, idCompany) VALUES (71, 'Convertible Note', 323867357.21, '2025-03-12', 79);
INSERT INTO CompanyDebtDetails (idDebt, debtType, debtAmount, maturityDate, idCompany) VALUES (72, 'Convertible Note', 232945995.49, '2025-08-28', 69);
INSERT INTO CompanyDebtDetails (idDebt, debtType, debtAmount, maturityDate, idCompany) VALUES (73, 'Loan', 352736874.4, '2025-05-16', 85);
INSERT INTO CompanyDebtDetails (idDebt, debtType, debtAmount, maturityDate, idCompany) VALUES (74, 'Convertible Note', 40441285.08, '2029-05-18', 23);
INSERT INTO CompanyDebtDetails (idDebt, debtType, debtAmount, maturityDate, idCompany) VALUES (75, 'Loan', 8421918.84, '2027-11-06', 56);
INSERT INTO CompanyDebtDetails (idDebt, debtType, debtAmount, maturityDate, idCompany) VALUES (76, 'Bond', 26838945.51, '2028-06-05', 3);
INSERT INTO CompanyDebtDetails (idDebt, debtType, debtAmount, maturityDate, idCompany) VALUES (77, 'Loan', 489761454.55, '2029-05-06', 31);
INSERT INTO CompanyDebtDetails (idDebt, debtType, debtAmount, maturityDate, idCompany) VALUES (78, 'Loan', 442322554.09, '2028-08-07', 3);
INSERT INTO CompanyDebtDetails (idDebt, debtType, debtAmount, maturityDate, idCompany) VALUES (79, 'Convertible Note', 495279577.16, '2029-04-14', 36);
INSERT INTO CompanyDebtDetails (idDebt, debtType, debtAmount, maturityDate, idCompany) VALUES (80, 'Loan', 32118952.61, '2028-07-20', 8);
INSERT INTO CompanyDebtDetails (idDebt, debtType, debtAmount, maturityDate, idCompany) VALUES (81, 'Bond', 18235225.99, '2024-12-02', 61);
INSERT INTO CompanyDebtDetails (idDebt, debtType, debtAmount, maturityDate, idCompany) VALUES (82, 'Convertible Note', 411680322.74, '2025-10-01', 84);
INSERT INTO CompanyDebtDetails (idDebt, debtType, debtAmount, maturityDate, idCompany) VALUES (83, 'Convertible Note', 105463943.86, '2024-04-15', 41);
INSERT INTO CompanyDebtDetails (idDebt, debtType, debtAmount, maturityDate, idCompany) VALUES (84, 'Loan', 428227228.72, '2027-05-04', 21);
INSERT INTO CompanyDebtDetails (idDebt, debtType, debtAmount, maturityDate, idCompany) VALUES (85, 'Bond', 213301768.04, '2026-06-20', 6);
INSERT INTO CompanyDebtDetails (idDebt, debtType, debtAmount, maturityDate, idCompany) VALUES (86, 'Loan', 448446759.05, '2024-10-07', 19);
INSERT INTO CompanyDebtDetails (idDebt, debtType, debtAmount, maturityDate, idCompany) VALUES (87, 'Loan', 137899708.54, '2025-10-22', 47);
INSERT INTO CompanyDebtDetails (idDebt, debtType, debtAmount, maturityDate, idCompany) VALUES (88, 'Bond', 301248017.97, '2029-05-09', 5);
INSERT INTO CompanyDebtDetails (idDebt, debtType, debtAmount, maturityDate, idCompany) VALUES (89, 'Loan', 360288358.36, '2029-11-09', 26);
INSERT INTO CompanyDebtDetails (idDebt, debtType, debtAmount, maturityDate, idCompany) VALUES (90, 'Bond', 378386475.99, '2028-11-09', 65);
INSERT INTO CompanyDebtDetails (idDebt, debtType, debtAmount, maturityDate, idCompany) VALUES (91, 'Convertible Note', 403713473.91, '2024-05-28', 69);
INSERT INTO CompanyDebtDetails (idDebt, debtType, debtAmount, maturityDate, idCompany) VALUES (92, 'Convertible Note', 265001895.57, '2028-02-04', 83);
INSERT INTO CompanyDebtDetails (idDebt, debtType, debtAmount, maturityDate, idCompany) VALUES (93, 'Convertible Note', 412196446.41, '2028-02-16', 80);
INSERT INTO CompanyDebtDetails (idDebt, debtType, debtAmount, maturityDate, idCompany) VALUES (94, 'Convertible Note', 163274041.52, '2027-04-24', 10);
INSERT INTO CompanyDebtDetails (idDebt, debtType, debtAmount, maturityDate, idCompany) VALUES (95, 'Convertible Note', 95898821.2, '2027-10-23', 39);
INSERT INTO CompanyDebtDetails (idDebt, debtType, debtAmount, maturityDate, idCompany) VALUES (96, 'Loan', 279800869.09, '2027-09-14', 56);
INSERT INTO CompanyDebtDetails (idDebt, debtType, debtAmount, maturityDate, idCompany) VALUES (97, 'Loan', 1448805.19, '2025-08-19', 26);
INSERT INTO CompanyDebtDetails (idDebt, debtType, debtAmount, maturityDate, idCompany) VALUES (98, 'Convertible Note', 85260341.07, '2027-07-21', 44);
INSERT INTO CompanyDebtDetails (idDebt, debtType, debtAmount, maturityDate, idCompany) VALUES (99, 'Loan', 17137473.89, '2025-04-13', 16);
INSERT INTO CompanyDebtDetails (idDebt, debtType, debtAmount, maturityDate, idCompany) VALUES (100, 'Loan', 463329860.49, '2024-11-13', 9);

#Company Financials
INSERT INTO CompanyFinancials (idFinancial, financialYear, Revenue, netIncome, EBITDA, idDeal) VALUES (1, 2023, 9315796270.26, 319094390.88, 204123311.68, 2);
INSERT INTO CompanyFinancials (idFinancial, financialYear, Revenue, netIncome, EBITDA, idDeal) VALUES (2, 2023, 3490116160.17, 490541964.26, 79561177.44, 100);
INSERT INTO CompanyFinancials (idFinancial, financialYear, Revenue, netIncome, EBITDA, idDeal) VALUES (3, 2023, 1798313322.49, 891488759.24, 347422236.21, 100);
INSERT INTO CompanyFinancials (idFinancial, financialYear, Revenue, netIncome, EBITDA, idDeal) VALUES (4, 2023, 8414660477.85, 261725299.91, 191662198.23, 41);
INSERT INTO CompanyFinancials (idFinancial, financialYear, Revenue, netIncome, EBITDA, idDeal) VALUES (5, 2023, 4168491765.17, 540504639.15, 273430618.51, 27);
INSERT INTO CompanyFinancials (idFinancial, financialYear, Revenue, netIncome, EBITDA, idDeal) VALUES (6, 2023, 324064560.81, 668295216.58, 120052024.48, 79);
INSERT INTO CompanyFinancials (idFinancial, financialYear, Revenue, netIncome, EBITDA, idDeal) VALUES (7, 2023, 4741423714.73, 777574621.74, 83865158.81, 80);
INSERT INTO CompanyFinancials (idFinancial, financialYear, Revenue, netIncome, EBITDA, idDeal) VALUES (8, 2023, 1118582458.96, 275575523.81, 462692757.25, 17);
INSERT INTO CompanyFinancials (idFinancial, financialYear, Revenue, netIncome, EBITDA, idDeal) VALUES (9, 2023, 7847248265.61, 314031534.64, 185977444.25, 30);
INSERT INTO CompanyFinancials (idFinancial, financialYear, Revenue, netIncome, EBITDA, idDeal) VALUES (10, 2023, 9629589286.08, 619662768.67, 456216426.58, 70);
INSERT INTO CompanyFinancials (idFinancial, financialYear, Revenue, netIncome, EBITDA, idDeal) VALUES (11, 2023, 6524958300.27, 102576462.2, 441865786.22, 81);
INSERT INTO CompanyFinancials (idFinancial, financialYear, Revenue, netIncome, EBITDA, idDeal) VALUES (12, 2023, 8002830624.41, 747578641.18, 117064417.24, 81);
INSERT INTO CompanyFinancials (idFinancial, financialYear, Revenue, netIncome, EBITDA, idDeal) VALUES (13, 2023, 3218113605.68, 22032062.94, -92290391.6, 36);
INSERT INTO CompanyFinancials (idFinancial, financialYear, Revenue, netIncome, EBITDA, idDeal) VALUES (14, 2023, 5950324808.9, 816358845.68, 428078736.83, 6);
INSERT INTO CompanyFinancials (idFinancial, financialYear, Revenue, netIncome, EBITDA, idDeal) VALUES (15, 2023, 1088909091.38, 53249226.51, 154059898.31, 36);
INSERT INTO CompanyFinancials (idFinancial, financialYear, Revenue, netIncome, EBITDA, idDeal) VALUES (16, 2023, 4501263021.1, 292936610.46, 320581304.71, 14);
INSERT INTO CompanyFinancials (idFinancial, financialYear, Revenue, netIncome, EBITDA, idDeal) VALUES (17, 2023, 3316313162.08, 880216800.77, 416315241.09, 79);
INSERT INTO CompanyFinancials (idFinancial, financialYear, Revenue, netIncome, EBITDA, idDeal) VALUES (18, 2023, 3347347424.49, 973834867.98, -610807.04, 4);
INSERT INTO CompanyFinancials (idFinancial, financialYear, Revenue, netIncome, EBITDA, idDeal) VALUES (19, 2023, 1771129278.66, 307714846.53, -48971967.92, 45);
INSERT INTO CompanyFinancials (idFinancial, financialYear, Revenue, netIncome, EBITDA, idDeal) VALUES (20, 2023, 566315731.09, 367769744.29, -67353596.96, 61);
INSERT INTO CompanyFinancials (idFinancial, financialYear, Revenue, netIncome, EBITDA, idDeal) VALUES (21, 2023, 1580547645.25, 408829551.31, 281801764.2, 84);
INSERT INTO CompanyFinancials (idFinancial, financialYear, Revenue, netIncome, EBITDA, idDeal) VALUES (22, 2023, 3717002213.51, 536588377.38, 439873931.0, 6);
INSERT INTO CompanyFinancials (idFinancial, financialYear, Revenue, netIncome, EBITDA, idDeal) VALUES (23, 2023, 4279503457.68, 133296491.47, 396661832.27, 37);
INSERT INTO CompanyFinancials (idFinancial, financialYear, Revenue, netIncome, EBITDA, idDeal) VALUES (24, 2023, 2263293786.99, 751892821.21, 9553315.25, 60);
INSERT INTO CompanyFinancials (idFinancial, financialYear, Revenue, netIncome, EBITDA, idDeal) VALUES (25, 2023, 256373050.63, 332112762.34, 112199728.26, 81);
INSERT INTO CompanyFinancials (idFinancial, financialYear, Revenue, netIncome, EBITDA, idDeal) VALUES (26, 2023, 2072228129.53, 49255098.75, 128311372.03, 46);
INSERT INTO CompanyFinancials (idFinancial, financialYear, Revenue, netIncome, EBITDA, idDeal) VALUES (27, 2023, 5742878500.88, 731518646.72, 195866278.21, 80);
INSERT INTO CompanyFinancials (idFinancial, financialYear, Revenue, netIncome, EBITDA, idDeal) VALUES (28, 2023, 2959190926.16, 896488968.9, 241899504.07, 68);
INSERT INTO CompanyFinancials (idFinancial, financialYear, Revenue, netIncome, EBITDA, idDeal) VALUES (29, 2023, 3941276267.84, 659451519.02, 45055891.17, 50);
INSERT INTO CompanyFinancials (idFinancial, financialYear, Revenue, netIncome, EBITDA, idDeal) VALUES (30, 2023, 6465395157.89, 253046092.71, 271673064.77, 75);
INSERT INTO CompanyFinancials (idFinancial, financialYear, Revenue, netIncome, EBITDA, idDeal) VALUES (31, 2023, 5678584223.56, 464120509.04, 39793964.76, 23);
INSERT INTO CompanyFinancials (idFinancial, financialYear, Revenue, netIncome, EBITDA, idDeal) VALUES (32, 2023, 9899568436.37, 82913979.93, 128075814.9, 77);
INSERT INTO CompanyFinancials (idFinancial, financialYear, Revenue, netIncome, EBITDA, idDeal) VALUES (33, 2023, 6890536260.66, 620991674.69, 289568022.53, 62);
INSERT INTO CompanyFinancials (idFinancial, financialYear, Revenue, netIncome, EBITDA, idDeal) VALUES (34, 2023, 1334545346.36, 391321060.72, 258711655.89, 24);
INSERT INTO CompanyFinancials (idFinancial, financialYear, Revenue, netIncome, EBITDA, idDeal) VALUES (35, 2023, 3671216687.95, 632648416.27, 97223625.06, 25);
INSERT INTO CompanyFinancials (idFinancial, financialYear, Revenue, netIncome, EBITDA, idDeal) VALUES (36, 2023, 3877139387.97, 618505028.36, 310942485.76, 55);
INSERT INTO CompanyFinancials (idFinancial, financialYear, Revenue, netIncome, EBITDA, idDeal) VALUES (37, 2023, 1743918026.61, 806297928.12, 404535730.93, 10);
INSERT INTO CompanyFinancials (idFinancial, financialYear, Revenue, netIncome, EBITDA, idDeal) VALUES (38, 2023, 4600376553.28, 223938066.43, 278677969.39, 42);
INSERT INTO CompanyFinancials (idFinancial, financialYear, Revenue, netIncome, EBITDA, idDeal) VALUES (39, 2023, 1306430267.35, 373212870.52, 195795983.72, 43);
INSERT INTO CompanyFinancials (idFinancial, financialYear, Revenue, netIncome, EBITDA, idDeal) VALUES (40, 2023, 2031803803.64, 714215032.38, -86717666.25, 41);
INSERT INTO CompanyFinancials (idFinancial, financialYear, Revenue, netIncome, EBITDA, idDeal) VALUES (41, 2023, 8658884499.8, 539467458.95, 430121542.14, 86);
INSERT INTO CompanyFinancials (idFinancial, financialYear, Revenue, netIncome, EBITDA, idDeal) VALUES (42, 2023, 7911744612.84, 38972258.07, 37043922.24, 33);
INSERT INTO CompanyFinancials (idFinancial, financialYear, Revenue, netIncome, EBITDA, idDeal) VALUES (43, 2023, 7938599523.93, 445341671.18, 303963653.43, 56);
INSERT INTO CompanyFinancials (idFinancial, financialYear, Revenue, netIncome, EBITDA, idDeal) VALUES (44, 2023, 6179557858.32, 190400956.33, 150730882.44, 30);
INSERT INTO CompanyFinancials (idFinancial, financialYear, Revenue, netIncome, EBITDA, idDeal) VALUES (45, 2023, 9938119128.41, 847114150.69, 41749590.09, 1);
INSERT INTO CompanyFinancials (idFinancial, financialYear, Revenue, netIncome, EBITDA, idDeal) VALUES (46, 2023, 245739582.17, 655701398.01, 455674630.83, 7);
INSERT INTO CompanyFinancials (idFinancial, financialYear, Revenue, netIncome, EBITDA, idDeal) VALUES (47, 2023, 6642733087.05, 624902366.95, 139134602.1, 18);
INSERT INTO CompanyFinancials (idFinancial, financialYear, Revenue, netIncome, EBITDA, idDeal) VALUES (48, 2023, 5387836655.54, 553373259.02, 56138115.37, 84);
INSERT INTO CompanyFinancials (idFinancial, financialYear, Revenue, netIncome, EBITDA, idDeal) VALUES (49, 2023, 4454558110.56, 837819751.7, 419463640.65, 78);
INSERT INTO CompanyFinancials (idFinancial, financialYear, Revenue, netIncome, EBITDA, idDeal) VALUES (50, 2023, 3836224604.1, 256964259.62, -95600525.15, 44);
INSERT INTO CompanyFinancials (idFinancial, financialYear, Revenue, netIncome, EBITDA, idDeal) VALUES (51, 2023, 8337742239.54, 903314861.8, 60158926.38, 50);
INSERT INTO CompanyFinancials (idFinancial, financialYear, Revenue, netIncome, EBITDA, idDeal) VALUES (52, 2023, 768989182.39, 589490257.39, 120084211.16, 75);
INSERT INTO CompanyFinancials (idFinancial, financialYear, Revenue, netIncome, EBITDA, idDeal) VALUES (53, 2023, 6821741782.7, 97077391.67, 49169053.98, 97);
INSERT INTO CompanyFinancials (idFinancial, financialYear, Revenue, netIncome, EBITDA, idDeal) VALUES (54, 2023, 1913842412.44, 476821280.23, 236054813.4, 76);
INSERT INTO CompanyFinancials (idFinancial, financialYear, Revenue, netIncome, EBITDA, idDeal) VALUES (55, 2023, 9284641768.75, 106430015.9, 388835375.15, 24);
INSERT INTO CompanyFinancials (idFinancial, financialYear, Revenue, netIncome, EBITDA, idDeal) VALUES (56, 2023, 4477485647.51, 461127606.33, 269011963.49, 9);
INSERT INTO CompanyFinancials (idFinancial, financialYear, Revenue, netIncome, EBITDA, idDeal) VALUES (57, 2023, 4699598307.73, 796591324.46, 157772924.6, 27);
INSERT INTO CompanyFinancials (idFinancial, financialYear, Revenue, netIncome, EBITDA, idDeal) VALUES (58, 2023, 9895931598.36, 89676008.81, 374868975.65, 80);
INSERT INTO CompanyFinancials (idFinancial, financialYear, Revenue, netIncome, EBITDA, idDeal) VALUES (59, 2023, 2395360565.3, 896536531.82, -81002772.86, 32);
INSERT INTO CompanyFinancials (idFinancial, financialYear, Revenue, netIncome, EBITDA, idDeal) VALUES (60, 2023, 7453584689.56, 654662146.73, -57317977.91, 82);
INSERT INTO CompanyFinancials (idFinancial, financialYear, Revenue, netIncome, EBITDA, idDeal) VALUES (61, 2023, 9187648923.74, 415898952.33, 391006423.93, 56);
INSERT INTO CompanyFinancials (idFinancial, financialYear, Revenue, netIncome, EBITDA, idDeal) VALUES (62, 2023, 3164576702.88, 382826473.74, 378202632.44, 65);
INSERT INTO CompanyFinancials (idFinancial, financialYear, Revenue, netIncome, EBITDA, idDeal) VALUES (63, 2023, 8948076944.94, 512749677.25, -36369435.48, 60);
INSERT INTO CompanyFinancials (idFinancial, financialYear, Revenue, netIncome, EBITDA, idDeal) VALUES (64, 2023, 751420209.19, 894194959.15, 13295461.82, 29);
INSERT INTO CompanyFinancials (idFinancial, financialYear, Revenue, netIncome, EBITDA, idDeal) VALUES (65, 2023, 9764589895.87, 479719592.47, 470705063.22, 77);
INSERT INTO CompanyFinancials (idFinancial, financialYear, Revenue, netIncome, EBITDA, idDeal) VALUES (66, 2023, 7635018740.8, 804373611.01, 318762612.13, 20);
INSERT INTO CompanyFinancials (idFinancial, financialYear, Revenue, netIncome, EBITDA, idDeal) VALUES (67, 2023, 8214741203.54, 469223873.92, 359570197.62, 91);
INSERT INTO CompanyFinancials (idFinancial, financialYear, Revenue, netIncome, EBITDA, idDeal) VALUES (68, 2023, 7095667045.33, 202808540.67, 474378230.3, 10);
INSERT INTO CompanyFinancials (idFinancial, financialYear, Revenue, netIncome, EBITDA, idDeal) VALUES (69, 2023, 1267825670.49, 908317876.32, 351542709.53, 15);
INSERT INTO CompanyFinancials (idFinancial, financialYear, Revenue, netIncome, EBITDA, idDeal) VALUES (70, 2023, 8378882183.36, 136287802.64, -95236543.43, 26);
INSERT INTO CompanyFinancials (idFinancial, financialYear, Revenue, netIncome, EBITDA, idDeal) VALUES (71, 2023, 9374937078.69, 495647946.02, 60750759.13, 58);
INSERT INTO CompanyFinancials (idFinancial, financialYear, Revenue, netIncome, EBITDA, idDeal) VALUES (72, 2023, 647445991.36, 683612522.06, 316431828.6, 35);
INSERT INTO CompanyFinancials (idFinancial, financialYear, Revenue, netIncome, EBITDA, idDeal) VALUES (73, 2023, 6991590673.82, 842683313.33, 403072273.51, 57);
INSERT INTO CompanyFinancials (idFinancial, financialYear, Revenue, netIncome, EBITDA, idDeal) VALUES (74, 2023, 3509915041.45, 622444545.69, 69700674.03, 100);
INSERT INTO CompanyFinancials (idFinancial, financialYear, Revenue, netIncome, EBITDA, idDeal) VALUES (75, 2023, 5722733130.76, 361244899.06, -78356684.11, 81);
INSERT INTO CompanyFinancials (idFinancial, financialYear, Revenue, netIncome, EBITDA, idDeal) VALUES (76, 2023, 1692187026.89, 708295780.1, 359245279.72, 51);
INSERT INTO CompanyFinancials (idFinancial, financialYear, Revenue, netIncome, EBITDA, idDeal) VALUES (77, 2023, 3456271404.52, 888910246.01, 247834940.34, 87);
INSERT INTO CompanyFinancials (idFinancial, financialYear, Revenue, netIncome, EBITDA, idDeal) VALUES (78, 2023, 5797071926.13, 952062805.49, 178976544.58, 91);
INSERT INTO CompanyFinancials (idFinancial, financialYear, Revenue, netIncome, EBITDA, idDeal) VALUES (79, 2023, 2976443955.68, 298352077.54, 119236006.79, 83);
INSERT INTO CompanyFinancials (idFinancial, financialYear, Revenue, netIncome, EBITDA, idDeal) VALUES (80, 2023, 1484012605.85, 163290049.23, 383097031.94, 33);
INSERT INTO CompanyFinancials (idFinancial, financialYear, Revenue, netIncome, EBITDA, idDeal) VALUES (81, 2023, 6978302756.39, 639401837.71, 223997964.47, 26);
INSERT INTO CompanyFinancials (idFinancial, financialYear, Revenue, netIncome, EBITDA, idDeal) VALUES (82, 2023, 8030108157.68, 576461431.92, 462693206.23, 88);
INSERT INTO CompanyFinancials (idFinancial, financialYear, Revenue, netIncome, EBITDA, idDeal) VALUES (83, 2023, 7400073754.74, 474593121.18, 287815951.37, 57);
INSERT INTO CompanyFinancials (idFinancial, financialYear, Revenue, netIncome, EBITDA, idDeal) VALUES (84, 2023, 2463634801.07, 467881021.79, 91690018.04, 46);
INSERT INTO CompanyFinancials (idFinancial, financialYear, Revenue, netIncome, EBITDA, idDeal) VALUES (85, 2023, 1664135200.75, 629309374.44, 70517361.87, 95);
INSERT INTO CompanyFinancials (idFinancial, financialYear, Revenue, netIncome, EBITDA, idDeal) VALUES (86, 2023, 5606968454.53, 839360681.32, 202381384.72, 58);
INSERT INTO CompanyFinancials (idFinancial, financialYear, Revenue, netIncome, EBITDA, idDeal) VALUES (87, 2023, 9177315621.57, 397427025.48, 454839595.51, 92);
INSERT INTO CompanyFinancials (idFinancial, financialYear, Revenue, netIncome, EBITDA, idDeal) VALUES (88, 2023, 8274630539.1, 393541167.71, -27819829.66, 14);
INSERT INTO CompanyFinancials (idFinancial, financialYear, Revenue, netIncome, EBITDA, idDeal) VALUES (89, 2023, 7893277557.52, 908293033.04, 230012440.08, 93);
INSERT INTO CompanyFinancials (idFinancial, financialYear, Revenue, netIncome, EBITDA, idDeal) VALUES (90, 2023, 7363487309.83, 234509803.28, 161042280.97, 47);
INSERT INTO CompanyFinancials (idFinancial, financialYear, Revenue, netIncome, EBITDA, idDeal) VALUES (91, 2023, 5747348382.28, 186617451.35, -41922304.7, 52);
INSERT INTO CompanyFinancials (idFinancial, financialYear, Revenue, netIncome, EBITDA, idDeal) VALUES (92, 2023, 5191726630.34, 193375675.91, -66736730.35, 12);
INSERT INTO CompanyFinancials (idFinancial, financialYear, Revenue, netIncome, EBITDA, idDeal) VALUES (93, 2023, 5666983784.75, 191765516.85, 128696415.82, 69);
INSERT INTO CompanyFinancials (idFinancial, financialYear, Revenue, netIncome, EBITDA, idDeal) VALUES (94, 2023, 4934331073.23, 182815681.31, 273692720.78, 90);
INSERT INTO CompanyFinancials (idFinancial, financialYear, Revenue, netIncome, EBITDA, idDeal) VALUES (95, 2023, 5609199517.67, 807535988.25, 474057959.73, 48);
INSERT INTO CompanyFinancials (idFinancial, financialYear, Revenue, netIncome, EBITDA, idDeal) VALUES (96, 2023, 7463467435.11, 187626203.8, -54042224.38, 6);
INSERT INTO CompanyFinancials (idFinancial, financialYear, Revenue, netIncome, EBITDA, idDeal) VALUES (97, 2023, 817894396.91, 918067908.25, 108010593.81, 81);
INSERT INTO CompanyFinancials (idFinancial, financialYear, Revenue, netIncome, EBITDA, idDeal) VALUES (98, 2023, 452525956.05, 458066915.19, 108881245.69, 43);
INSERT INTO CompanyFinancials (idFinancial, financialYear, Revenue, netIncome, EBITDA, idDeal) VALUES (99, 2023, 9999784256.44, 996099283.73, -91270746.42, 27);
INSERT INTO CompanyFinancials (idFinancial, financialYear, Revenue, netIncome, EBITDA, idDeal) VALUES (100, 2023, 2003326695.33, 852632859.05, 102168154.13, 44);

select * from CompanyFinancials;

# Deal Valuation Details
INSERT INTO DealValuationDetails (idValuation, enterpriseValue, equityValue, valuationMethod) VALUES (1, 1554735676.28, 195202438.92, 'Precedent Transactions');
INSERT INTO DealValuationDetails (idValuation, enterpriseValue, equityValue, valuationMethod) VALUES (2, 2379629953.04, 250448975.88, 'Precedent Transactions');
INSERT INTO DealValuationDetails (idValuation, enterpriseValue, equityValue, valuationMethod) VALUES (3, 4526722667.48, 325729633.87, 'Comparable');
INSERT INTO DealValuationDetails (idValuation, enterpriseValue, equityValue, valuationMethod) VALUES (4, 1687610847.48, 322104482.97, 'DCF');
INSERT INTO DealValuationDetails (idValuation, enterpriseValue, equityValue, valuationMethod) VALUES (5, 3108910343.08, 238972866.49, 'Comparable');
INSERT INTO DealValuationDetails (idValuation, enterpriseValue, equityValue, valuationMethod) VALUES (6, 4136629821.48, 737973001.41, 'Comparable');
INSERT INTO DealValuationDetails (idValuation, enterpriseValue, equityValue, valuationMethod) VALUES (7, 2310395587.49, 198650558.08, 'Comparable');
INSERT INTO DealValuationDetails (idValuation, enterpriseValue, equityValue, valuationMethod) VALUES (8, 1824492756.19, 896913148.99, 'Comparable');
INSERT INTO DealValuationDetails (idValuation, enterpriseValue, equityValue, valuationMethod) VALUES (9, 571710463.96, 881358000.85, 'Precedent Transactions');
INSERT INTO DealValuationDetails (idValuation, enterpriseValue, equityValue, valuationMethod) VALUES (10, 1477962557.8, 417426260.55, 'Comparable');
INSERT INTO DealValuationDetails (idValuation, enterpriseValue, equityValue, valuationMethod) VALUES (11, 1249992857.77, 903843803.15, 'Comparable');
INSERT INTO DealValuationDetails (idValuation, enterpriseValue, equityValue, valuationMethod) VALUES (12, 3089529612.47, 601487061.16, 'Comparable');
INSERT INTO DealValuationDetails (idValuation, enterpriseValue, equityValue, valuationMethod) VALUES (13, 4220015732.69, 875697280.79, 'Precedent Transactions');
INSERT INTO DealValuationDetails (idValuation, enterpriseValue, equityValue, valuationMethod) VALUES (14, 699062986.41, 277622517.93, 'DCF');
INSERT INTO DealValuationDetails (idValuation, enterpriseValue, equityValue, valuationMethod) VALUES (15, 3999036440.34, 266473068.47, 'DCF');
INSERT INTO DealValuationDetails (idValuation, enterpriseValue, equityValue, valuationMethod) VALUES (16, 2321088962.7, 705163309.62, 'DCF');
INSERT INTO DealValuationDetails (idValuation, enterpriseValue, equityValue, valuationMethod) VALUES (17, 4718540607.03, 268059554.35, 'Precedent Transactions');
INSERT INTO DealValuationDetails (idValuation, enterpriseValue, equityValue, valuationMethod) VALUES (18, 3705741413.91, 912825402.34, 'DCF');
INSERT INTO DealValuationDetails (idValuation, enterpriseValue, equityValue, valuationMethod) VALUES (19, 2194703049.03, 613716967.47, 'Comparable');
INSERT INTO DealValuationDetails (idValuation, enterpriseValue, equityValue, valuationMethod) VALUES (20, 3103119791.94, 465230360.66, 'Comparable');
INSERT INTO DealValuationDetails (idValuation, enterpriseValue, equityValue, valuationMethod) VALUES (21, 4442349482.01, 755669787.14, 'Precedent Transactions');
INSERT INTO DealValuationDetails (idValuation, enterpriseValue, equityValue, valuationMethod) VALUES (22, 3739213043.83, 988507112.55, 'Precedent Transactions');
INSERT INTO DealValuationDetails (idValuation, enterpriseValue, equityValue, valuationMethod) VALUES (23, 713937900.87, 613216811.94, 'DCF');
INSERT INTO DealValuationDetails (idValuation, enterpriseValue, equityValue, valuationMethod) VALUES (24, 793541599.77, 739000620.42, 'Comparable');
INSERT INTO DealValuationDetails (idValuation, enterpriseValue, equityValue, valuationMethod) VALUES (25, 4911564024.88, 762052744.06, 'DCF');
INSERT INTO DealValuationDetails (idValuation, enterpriseValue, equityValue, valuationMethod) VALUES (26, 2936884246.47, 340878909.95, 'DCF');
INSERT INTO DealValuationDetails (idValuation, enterpriseValue, equityValue, valuationMethod) VALUES (27, 3481093940.82, 163898092.92, 'DCF');
INSERT INTO DealValuationDetails (idValuation, enterpriseValue, equityValue, valuationMethod) VALUES (28, 502171506.68, 316726602.73, 'Precedent Transactions');
INSERT INTO DealValuationDetails (idValuation, enterpriseValue, equityValue, valuationMethod) VALUES (29, 3861419499.21, 171741227.95, 'DCF');
INSERT INTO DealValuationDetails (idValuation, enterpriseValue, equityValue, valuationMethod) VALUES (30, 767770698.51, 674367893.29, 'Precedent Transactions');
INSERT INTO DealValuationDetails (idValuation, enterpriseValue, equityValue, valuationMethod) VALUES (31, 4640176524.89, 382254896.11, 'DCF');
INSERT INTO DealValuationDetails (idValuation, enterpriseValue, equityValue, valuationMethod) VALUES (32, 787115606.31, 567102561.25, 'Precedent Transactions');
INSERT INTO DealValuationDetails (idValuation, enterpriseValue, equityValue, valuationMethod) VALUES (33, 3522853620.15, 110333116.24, 'DCF');
INSERT INTO DealValuationDetails (idValuation, enterpriseValue, equityValue, valuationMethod) VALUES (34, 2336991969.37, 991755097.91, 'Comparable');
INSERT INTO DealValuationDetails (idValuation, enterpriseValue, equityValue, valuationMethod) VALUES (35, 2706461585.0, 167827516.74, 'DCF');
INSERT INTO DealValuationDetails (idValuation, enterpriseValue, equityValue, valuationMethod) VALUES (36, 730938713.26, 203476369.06, 'Comparable');
INSERT INTO DealValuationDetails (idValuation, enterpriseValue, equityValue, valuationMethod) VALUES (37, 4836806794.53, 949327252.03, 'Precedent Transactions');
INSERT INTO DealValuationDetails (idValuation, enterpriseValue, equityValue, valuationMethod) VALUES (38, 3961301677.82, 944834290.84, 'DCF');
INSERT INTO DealValuationDetails (idValuation, enterpriseValue, equityValue, valuationMethod) VALUES (39, 4789463451.53, 235525845.69, 'Comparable');
INSERT INTO DealValuationDetails (idValuation, enterpriseValue, equityValue, valuationMethod) VALUES (40, 1917380316.58, 202705467.72, 'Comparable');
INSERT INTO DealValuationDetails (idValuation, enterpriseValue, equityValue, valuationMethod) VALUES (41, 714111502.07, 398048957.64, 'Comparable');
INSERT INTO DealValuationDetails (idValuation, enterpriseValue, equityValue, valuationMethod) VALUES (42, 4136565413.16, 780055180.8, 'DCF');
INSERT INTO DealValuationDetails (idValuation, enterpriseValue, equityValue, valuationMethod) VALUES (43, 4716233074.17, 640527403.5, 'Comparable');
INSERT INTO DealValuationDetails (idValuation, enterpriseValue, equityValue, valuationMethod) VALUES (44, 1385922219.35, 606011951.98, 'Precedent Transactions');
INSERT INTO DealValuationDetails (idValuation, enterpriseValue, equityValue, valuationMethod) VALUES (45, 4655140648.16, 319818435.2, 'Comparable');
INSERT INTO DealValuationDetails (idValuation, enterpriseValue, equityValue, valuationMethod) VALUES (46, 947366714.88, 223711818.83, 'Precedent Transactions');
INSERT INTO DealValuationDetails (idValuation, enterpriseValue, equityValue, valuationMethod) VALUES (47, 2042552210.97, 917045076.0, 'Precedent Transactions');
INSERT INTO DealValuationDetails (idValuation, enterpriseValue, equityValue, valuationMethod) VALUES (48, 4861966130.13, 536681346.59, 'Comparable');
INSERT INTO DealValuationDetails (idValuation, enterpriseValue, equityValue, valuationMethod) VALUES (49, 1708819205.07, 681317435.49, 'Comparable');
INSERT INTO DealValuationDetails (idValuation, enterpriseValue, equityValue, valuationMethod) VALUES (50, 3397182833.85, 763683669.14, 'Precedent Transactions');
INSERT INTO DealValuationDetails (idValuation, enterpriseValue, equityValue, valuationMethod) VALUES (51, 3036012837.76, 763729344.83, 'Comparable');
INSERT INTO DealValuationDetails (idValuation, enterpriseValue, equityValue, valuationMethod) VALUES (52, 4392676248.82, 969014615.2, 'Precedent Transactions');
INSERT INTO DealValuationDetails (idValuation, enterpriseValue, equityValue, valuationMethod) VALUES (53, 2765278225.34, 837296638.38, 'Precedent Transactions');
INSERT INTO DealValuationDetails (idValuation, enterpriseValue, equityValue, valuationMethod) VALUES (54, 2150248401.5, 882987020.69, 'Precedent Transactions');
INSERT INTO DealValuationDetails (idValuation, enterpriseValue, equityValue, valuationMethod) VALUES (55, 4811202798.34, 587886935.07, 'Comparable');
INSERT INTO DealValuationDetails (idValuation, enterpriseValue, equityValue, valuationMethod) VALUES (56, 2709784229.65, 459093437.05, 'Comparable');
INSERT INTO DealValuationDetails (idValuation, enterpriseValue, equityValue, valuationMethod) VALUES (57, 4451477944.67, 373620835.17, 'DCF');
INSERT INTO DealValuationDetails (idValuation, enterpriseValue, equityValue, valuationMethod) VALUES (58, 3884340490.76, 239516809.72, 'Precedent Transactions');
INSERT INTO DealValuationDetails (idValuation, enterpriseValue, equityValue, valuationMethod) VALUES (59, 4244935908.14, 437633758.32, 'Precedent Transactions');
INSERT INTO DealValuationDetails (idValuation, enterpriseValue, equityValue, valuationMethod) VALUES (60, 1812523561.93, 186558735.27, 'DCF');
INSERT INTO DealValuationDetails (idValuation, enterpriseValue, equityValue, valuationMethod) VALUES (61, 4193037886.56, 769031550.43, 'DCF');
INSERT INTO DealValuationDetails (idValuation, enterpriseValue, equityValue, valuationMethod) VALUES (62, 1136290566.71, 815763940.92, 'DCF');
INSERT INTO DealValuationDetails (idValuation, enterpriseValue, equityValue, valuationMethod) VALUES (63, 1036249766.62, 632351242.96, 'Comparable');
INSERT INTO DealValuationDetails (idValuation, enterpriseValue, equityValue, valuationMethod) VALUES (64, 2533828444.65, 205558295.28, 'Precedent Transactions');
INSERT INTO DealValuationDetails (idValuation, enterpriseValue, equityValue, valuationMethod) VALUES (65, 3205908892.73, 853601213.06, 'DCF');
INSERT INTO DealValuationDetails (idValuation, enterpriseValue, equityValue, valuationMethod) VALUES (66, 3362843275.31, 659369729.11, 'DCF');
INSERT INTO DealValuationDetails (idValuation, enterpriseValue, equityValue, valuationMethod) VALUES (67, 3064732373.98, 570264519.59, 'Comparable');
INSERT INTO DealValuationDetails (idValuation, enterpriseValue, equityValue, valuationMethod) VALUES (68, 2318576170.11, 628076401.24, 'Comparable');
INSERT INTO DealValuationDetails (idValuation, enterpriseValue, equityValue, valuationMethod) VALUES (69, 2843369390.28, 921092795.84, 'Comparable');
INSERT INTO DealValuationDetails (idValuation, enterpriseValue, equityValue, valuationMethod) VALUES (70, 3383449436.88, 132662005.01, 'Precedent Transactions');
INSERT INTO DealValuationDetails (idValuation, enterpriseValue, equityValue, valuationMethod) VALUES (71, 1631550385.77, 519742744.71, 'Comparable');
INSERT INTO DealValuationDetails (idValuation, enterpriseValue, equityValue, valuationMethod) VALUES (72, 815791745.11, 146005940.19, 'Comparable');
INSERT INTO DealValuationDetails (idValuation, enterpriseValue, equityValue, valuationMethod) VALUES (73, 4193977462.34, 648689863.34, 'Comparable');
INSERT INTO DealValuationDetails (idValuation, enterpriseValue, equityValue, valuationMethod) VALUES (74, 2693985545.54, 787312655.01, 'Precedent Transactions');
INSERT INTO DealValuationDetails (idValuation, enterpriseValue, equityValue, valuationMethod) VALUES (75, 681948318.38, 887649553.94, 'Precedent Transactions');
INSERT INTO DealValuationDetails (idValuation, enterpriseValue, equityValue, valuationMethod) VALUES (76, 2288122176.77, 337761205.42, 'Precedent Transactions');
INSERT INTO DealValuationDetails (idValuation, enterpriseValue, equityValue, valuationMethod) VALUES (77, 3741438347.87, 363368714.97, 'Comparable');
INSERT INTO DealValuationDetails (idValuation, enterpriseValue, equityValue, valuationMethod) VALUES (78, 4858046088.73, 633894384.51, 'Precedent Transactions');
INSERT INTO DealValuationDetails (idValuation, enterpriseValue, equityValue, valuationMethod) VALUES (79, 1718574913.08, 195781787.51, 'DCF');
INSERT INTO DealValuationDetails (idValuation, enterpriseValue, equityValue, valuationMethod) VALUES (80, 4734845505.69, 252864707.08, 'Precedent Transactions');
INSERT INTO DealValuationDetails (idValuation, enterpriseValue, equityValue, valuationMethod) VALUES (81, 3678711543.56, 284445368.47, 'Comparable');
INSERT INTO DealValuationDetails (idValuation, enterpriseValue, equityValue, valuationMethod) VALUES (82, 797530189.52, 298084386.92, 'DCF');
INSERT INTO DealValuationDetails (idValuation, enterpriseValue, equityValue, valuationMethod) VALUES (83, 4945175018.79, 326441962.73, 'Comparable');
INSERT INTO DealValuationDetails (idValuation, enterpriseValue, equityValue, valuationMethod) VALUES (84, 4970513583.67, 431332999.39, 'DCF');
INSERT INTO DealValuationDetails (idValuation, enterpriseValue, equityValue, valuationMethod) VALUES (85, 2586679699.31, 437977595.81, 'Comparable');
INSERT INTO DealValuationDetails (idValuation, enterpriseValue, equityValue, valuationMethod) VALUES (86, 1643831580.18, 524674158.23, 'DCF');
INSERT INTO DealValuationDetails (idValuation, enterpriseValue, equityValue, valuationMethod) VALUES (87, 2925793975.43, 895790383.84, 'Precedent Transactions');
INSERT INTO DealValuationDetails (idValuation, enterpriseValue, equityValue, valuationMethod) VALUES (88, 1905544914.19, 490993961.61, 'Comparable');
INSERT INTO DealValuationDetails (idValuation, enterpriseValue, equityValue, valuationMethod) VALUES (89, 3147573124.08, 798847722.97, 'Comparable');
INSERT INTO DealValuationDetails (idValuation, enterpriseValue, equityValue, valuationMethod) VALUES (90, 807942854.48, 706362628.61, 'Comparable');
INSERT INTO DealValuationDetails (idValuation, enterpriseValue, equityValue, valuationMethod) VALUES (91, 3307226509.81, 719020166.61, 'DCF');
INSERT INTO DealValuationDetails (idValuation, enterpriseValue, equityValue, valuationMethod) VALUES (92, 1587308437.42, 512055075.01, 'Comparable');
INSERT INTO DealValuationDetails (idValuation, enterpriseValue, equityValue, valuationMethod) VALUES (93, 1201290843.41, 918616150.89, 'DCF');
INSERT INTO DealValuationDetails (idValuation, enterpriseValue, equityValue, valuationMethod) VALUES (94, 2533521506.55, 904360824.54, 'DCF');
INSERT INTO DealValuationDetails (idValuation, enterpriseValue, equityValue, valuationMethod) VALUES (95, 1310494476.79, 628011180.61, 'Comparable');
INSERT INTO DealValuationDetails (idValuation, enterpriseValue, equityValue, valuationMethod) VALUES (96, 3034187392.77, 817609885.1, 'Precedent Transactions');
INSERT INTO DealValuationDetails (idValuation, enterpriseValue, equityValue, valuationMethod) VALUES (97, 4827979486.06, 160943042.88, 'DCF');
INSERT INTO DealValuationDetails (idValuation, enterpriseValue, equityValue, valuationMethod) VALUES (98, 519341235.38, 175181244.69, 'DCF');
INSERT INTO DealValuationDetails (idValuation, enterpriseValue, equityValue, valuationMethod) VALUES (99, 1230969515.38, 599539302.87, 'DCF');
INSERT INTO DealValuationDetails (idValuation, enterpriseValue, equityValue, valuationMethod) VALUES (100, 4448842910.33, 599325082.75, 'DCF');

#Regulatory Approvals
INSERT INTO RegulatoryApprovals (idApproval, regulatoryAgencyName, approvalStatus, approvalDate, idDeal) VALUES (1, 'Agency_1', 'Rejected', '2022-10-09', 37);
INSERT INTO RegulatoryApprovals (idApproval, regulatoryAgencyName, approvalStatus, approvalDate, idDeal) VALUES (2, 'Agency_2', 'Approved', '2020-02-14', 61);
INSERT INTO RegulatoryApprovals (idApproval, regulatoryAgencyName, approvalStatus, approvalDate, idDeal) VALUES (3, 'Agency_3', 'Approved', '2021-03-26', 85);
INSERT INTO RegulatoryApprovals (idApproval, regulatoryAgencyName, approvalStatus, approvalDate, idDeal) VALUES (4, 'Agency_4', 'Approved', '2022-05-15', 90);
INSERT INTO RegulatoryApprovals (idApproval, regulatoryAgencyName, approvalStatus, approvalDate, idDeal) VALUES (5, 'Agency_5', 'Pending', '2020-02-17', 65);
INSERT INTO RegulatoryApprovals (idApproval, regulatoryAgencyName, approvalStatus, approvalDate, idDeal) VALUES (6, 'Agency_6', 'Rejected', '2023-12-15', 90);
INSERT INTO RegulatoryApprovals (idApproval, regulatoryAgencyName, approvalStatus, approvalDate, idDeal) VALUES (7, 'Agency_7', 'Pending', '2021-01-22', 56);
INSERT INTO RegulatoryApprovals (idApproval, regulatoryAgencyName, approvalStatus, approvalDate, idDeal) VALUES (8, 'Agency_8', 'Pending', '2020-06-27', 41);
INSERT INTO RegulatoryApprovals (idApproval, regulatoryAgencyName, approvalStatus, approvalDate, idDeal) VALUES (9, 'Agency_9', 'Approved', '2021-04-16', 29);
INSERT INTO RegulatoryApprovals (idApproval, regulatoryAgencyName, approvalStatus, approvalDate, idDeal) VALUES (10, 'Agency_10', 'Approved', '2020-03-14', 33);
INSERT INTO RegulatoryApprovals (idApproval, regulatoryAgencyName, approvalStatus, approvalDate, idDeal) VALUES (11, 'Agency_11', 'Rejected', '2023-01-21', 67);
INSERT INTO RegulatoryApprovals (idApproval, regulatoryAgencyName, approvalStatus, approvalDate, idDeal) VALUES (12, 'Agency_12', 'Pending', '2022-11-12', 17);
INSERT INTO RegulatoryApprovals (idApproval, regulatoryAgencyName, approvalStatus, approvalDate, idDeal) VALUES (13, 'Agency_13', 'Pending', '2020-10-04', 43);
INSERT INTO RegulatoryApprovals (idApproval, regulatoryAgencyName, approvalStatus, approvalDate, idDeal) VALUES (14, 'Agency_14', 'Pending', '2020-05-03', 100);
INSERT INTO RegulatoryApprovals (idApproval, regulatoryAgencyName, approvalStatus, approvalDate, idDeal) VALUES (15, 'Agency_15', 'Approved', '2021-10-24', 43);
INSERT INTO RegulatoryApprovals (idApproval, regulatoryAgencyName, approvalStatus, approvalDate, idDeal) VALUES (16, 'Agency_16', 'Pending', '2021-02-27', 98);
INSERT INTO RegulatoryApprovals (idApproval, regulatoryAgencyName, approvalStatus, approvalDate, idDeal) VALUES (17, 'Agency_17', 'Pending', '2020-07-24', 19);
INSERT INTO RegulatoryApprovals (idApproval, regulatoryAgencyName, approvalStatus, approvalDate, idDeal) VALUES (18, 'Agency_18', 'Approved', '2023-02-16', 5);
INSERT INTO RegulatoryApprovals (idApproval, regulatoryAgencyName, approvalStatus, approvalDate, idDeal) VALUES (19, 'Agency_19', 'Rejected', '2021-08-08', 69);
INSERT INTO RegulatoryApprovals (idApproval, regulatoryAgencyName, approvalStatus, approvalDate, idDeal) VALUES (20, 'Agency_20', 'Pending', '2020-09-23', 15);
INSERT INTO RegulatoryApprovals (idApproval, regulatoryAgencyName, approvalStatus, approvalDate, idDeal) VALUES (21, 'Agency_21', 'Rejected', '2022-06-07', 20);
INSERT INTO RegulatoryApprovals (idApproval, regulatoryAgencyName, approvalStatus, approvalDate, idDeal) VALUES (22, 'Agency_22', 'Rejected', '2023-11-02', 14);
INSERT INTO RegulatoryApprovals (idApproval, regulatoryAgencyName, approvalStatus, approvalDate, idDeal) VALUES (23, 'Agency_23', 'Pending', '2022-02-27', 22);
INSERT INTO RegulatoryApprovals (idApproval, regulatoryAgencyName, approvalStatus, approvalDate, idDeal) VALUES (24, 'Agency_24', 'Approved', '2023-07-13', 59);
INSERT INTO RegulatoryApprovals (idApproval, regulatoryAgencyName, approvalStatus, approvalDate, idDeal) VALUES (25, 'Agency_25', 'Rejected', '2022-11-16', 83);
INSERT INTO RegulatoryApprovals (idApproval, regulatoryAgencyName, approvalStatus, approvalDate, idDeal) VALUES (26, 'Agency_26', 'Rejected', '2021-02-19', 21);
INSERT INTO RegulatoryApprovals (idApproval, regulatoryAgencyName, approvalStatus, approvalDate, idDeal) VALUES (27, 'Agency_27', 'Approved', '2020-07-22', 27);
INSERT INTO RegulatoryApprovals (idApproval, regulatoryAgencyName, approvalStatus, approvalDate, idDeal) VALUES (28, 'Agency_28', 'Rejected', '2023-04-07', 84);
INSERT INTO RegulatoryApprovals (idApproval, regulatoryAgencyName, approvalStatus, approvalDate, idDeal) VALUES (29, 'Agency_29', 'Rejected', '2020-09-03', 82);
INSERT INTO RegulatoryApprovals (idApproval, regulatoryAgencyName, approvalStatus, approvalDate, idDeal) VALUES (30, 'Agency_30', 'Pending', '2020-10-24', 99);
INSERT INTO RegulatoryApprovals (idApproval, regulatoryAgencyName, approvalStatus, approvalDate, idDeal) VALUES (31, 'Agency_31', 'Rejected', '2020-09-10', 8);
INSERT INTO RegulatoryApprovals (idApproval, regulatoryAgencyName, approvalStatus, approvalDate, idDeal) VALUES (32, 'Agency_32', 'Pending', '2023-03-15', 41);
INSERT INTO RegulatoryApprovals (idApproval, regulatoryAgencyName, approvalStatus, approvalDate, idDeal) VALUES (33, 'Agency_33', 'Pending', '2022-09-17', 54);
INSERT INTO RegulatoryApprovals (idApproval, regulatoryAgencyName, approvalStatus, approvalDate, idDeal) VALUES (34, 'Agency_34', 'Pending', '2022-07-28', 47);
INSERT INTO RegulatoryApprovals (idApproval, regulatoryAgencyName, approvalStatus, approvalDate, idDeal) VALUES (35, 'Agency_35', 'Approved', '2021-11-05', 71);
INSERT INTO RegulatoryApprovals (idApproval, regulatoryAgencyName, approvalStatus, approvalDate, idDeal) VALUES (36, 'Agency_36', 'Rejected', '2020-12-24', 14);
INSERT INTO RegulatoryApprovals (idApproval, regulatoryAgencyName, approvalStatus, approvalDate, idDeal) VALUES (37, 'Agency_37', 'Rejected', '2023-01-27', 100);
INSERT INTO RegulatoryApprovals (idApproval, regulatoryAgencyName, approvalStatus, approvalDate, idDeal) VALUES (38, 'Agency_38', 'Rejected', '2022-06-14', 16);
INSERT INTO RegulatoryApprovals (idApproval, regulatoryAgencyName, approvalStatus, approvalDate, idDeal) VALUES (39, 'Agency_39', 'Rejected', '2022-04-28', 64);
INSERT INTO RegulatoryApprovals (idApproval, regulatoryAgencyName, approvalStatus, approvalDate, idDeal) VALUES (40, 'Agency_40', 'Rejected', '2020-07-01', 50);
INSERT INTO RegulatoryApprovals (idApproval, regulatoryAgencyName, approvalStatus, approvalDate, idDeal) VALUES (41, 'Agency_41', 'Pending', '2021-01-28', 80);
INSERT INTO RegulatoryApprovals (idApproval, regulatoryAgencyName, approvalStatus, approvalDate, idDeal) VALUES (42, 'Agency_42', 'Rejected', '2023-09-03', 91);
INSERT INTO RegulatoryApprovals (idApproval, regulatoryAgencyName, approvalStatus, approvalDate, idDeal) VALUES (43, 'Agency_43', 'Approved', '2023-04-03', 38);
INSERT INTO RegulatoryApprovals (idApproval, regulatoryAgencyName, approvalStatus, approvalDate, idDeal) VALUES (44, 'Agency_44', 'Approved', '2021-10-16', 66);
INSERT INTO RegulatoryApprovals (idApproval, regulatoryAgencyName, approvalStatus, approvalDate, idDeal) VALUES (45, 'Agency_45', 'Pending', '2023-01-13', 79);
INSERT INTO RegulatoryApprovals (idApproval, regulatoryAgencyName, approvalStatus, approvalDate, idDeal) VALUES (46, 'Agency_46', 'Pending', '2020-05-12', 63);
INSERT INTO RegulatoryApprovals (idApproval, regulatoryAgencyName, approvalStatus, approvalDate, idDeal) VALUES (47, 'Agency_47', 'Pending', '2020-04-03', 17);
INSERT INTO RegulatoryApprovals (idApproval, regulatoryAgencyName, approvalStatus, approvalDate, idDeal) VALUES (48, 'Agency_48', 'Pending', '2020-10-23', 31);
INSERT INTO RegulatoryApprovals (idApproval, regulatoryAgencyName, approvalStatus, approvalDate, idDeal) VALUES (49, 'Agency_49', 'Approved', '2023-09-05', 72);
INSERT INTO RegulatoryApprovals (idApproval, regulatoryAgencyName, approvalStatus, approvalDate, idDeal) VALUES (50, 'Agency_50', 'Approved', '2020-04-16', 96);
INSERT INTO RegulatoryApprovals (idApproval, regulatoryAgencyName, approvalStatus, approvalDate, idDeal) VALUES (51, 'Agency_51', 'Rejected', '2020-02-27', 8);
INSERT INTO RegulatoryApprovals (idApproval, regulatoryAgencyName, approvalStatus, approvalDate, idDeal) VALUES (52, 'Agency_52', 'Approved', '2021-09-08', 76);
INSERT INTO RegulatoryApprovals (idApproval, regulatoryAgencyName, approvalStatus, approvalDate, idDeal) VALUES (53, 'Agency_53', 'Pending', '2022-03-21', 70);
INSERT INTO RegulatoryApprovals (idApproval, regulatoryAgencyName, approvalStatus, approvalDate, idDeal) VALUES (54, 'Agency_54', 'Pending', '2020-03-22', 100);
INSERT INTO RegulatoryApprovals (idApproval, regulatoryAgencyName, approvalStatus, approvalDate, idDeal) VALUES (55, 'Agency_55', 'Approved', '2020-10-22', 57);
INSERT INTO RegulatoryApprovals (idApproval, regulatoryAgencyName, approvalStatus, approvalDate, idDeal) VALUES (56, 'Agency_56', 'Pending', '2020-03-02', 50);
INSERT INTO RegulatoryApprovals (idApproval, regulatoryAgencyName, approvalStatus, approvalDate, idDeal) VALUES (57, 'Agency_57', 'Rejected', '2021-04-13', 95);
INSERT INTO RegulatoryApprovals (idApproval, regulatoryAgencyName, approvalStatus, approvalDate, idDeal) VALUES (58, 'Agency_58', 'Pending', '2022-10-06', 3);
INSERT INTO RegulatoryApprovals (idApproval, regulatoryAgencyName, approvalStatus, approvalDate, idDeal) VALUES (59, 'Agency_59', 'Rejected', '2023-09-28', 81);
INSERT INTO RegulatoryApprovals (idApproval, regulatoryAgencyName, approvalStatus, approvalDate, idDeal) VALUES (60, 'Agency_60', 'Approved', '2023-07-07', 59);
INSERT INTO RegulatoryApprovals (idApproval, regulatoryAgencyName, approvalStatus, approvalDate, idDeal) VALUES (61, 'Agency_61', 'Approved', '2023-02-21', 35);
INSERT INTO RegulatoryApprovals (idApproval, regulatoryAgencyName, approvalStatus, approvalDate, idDeal) VALUES (62, 'Agency_62', 'Rejected', '2021-11-16', 16);
INSERT INTO RegulatoryApprovals (idApproval, regulatoryAgencyName, approvalStatus, approvalDate, idDeal) VALUES (63, 'Agency_63', 'Approved', '2023-08-09', 80);
INSERT INTO RegulatoryApprovals (idApproval, regulatoryAgencyName, approvalStatus, approvalDate, idDeal) VALUES (64, 'Agency_64', 'Pending', '2023-10-01', 77);
INSERT INTO RegulatoryApprovals (idApproval, regulatoryAgencyName, approvalStatus, approvalDate, idDeal) VALUES (65, 'Agency_65', 'Pending', '2022-12-08', 12);
INSERT INTO RegulatoryApprovals (idApproval, regulatoryAgencyName, approvalStatus, approvalDate, idDeal) VALUES (66, 'Agency_66', 'Pending', '2021-12-27', 89);
INSERT INTO RegulatoryApprovals (idApproval, regulatoryAgencyName, approvalStatus, approvalDate, idDeal) VALUES (67, 'Agency_67', 'Approved', '2022-05-26', 94);
INSERT INTO RegulatoryApprovals (idApproval, regulatoryAgencyName, approvalStatus, approvalDate, idDeal) VALUES (68, 'Agency_68', 'Approved', '2022-05-09', 24);
INSERT INTO RegulatoryApprovals (idApproval, regulatoryAgencyName, approvalStatus, approvalDate, idDeal) VALUES (69, 'Agency_69', 'Approved', '2020-06-12', 21);
INSERT INTO RegulatoryApprovals (idApproval, regulatoryAgencyName, approvalStatus, approvalDate, idDeal) VALUES (70, 'Agency_70', 'Approved', '2020-09-15', 42);
INSERT INTO RegulatoryApprovals (idApproval, regulatoryAgencyName, approvalStatus, approvalDate, idDeal) VALUES (71, 'Agency_71', 'Rejected', '2022-07-08', 58);
INSERT INTO RegulatoryApprovals (idApproval, regulatoryAgencyName, approvalStatus, approvalDate, idDeal) VALUES (72, 'Agency_72', 'Approved', '2022-07-25', 49);
INSERT INTO RegulatoryApprovals (idApproval, regulatoryAgencyName, approvalStatus, approvalDate, idDeal) VALUES (73, 'Agency_73', 'Pending', '2021-03-08', 100);
INSERT INTO RegulatoryApprovals (idApproval, regulatoryAgencyName, approvalStatus, approvalDate, idDeal) VALUES (74, 'Agency_74', 'Pending', '2022-07-23', 86);
INSERT INTO RegulatoryApprovals (idApproval, regulatoryAgencyName, approvalStatus, approvalDate, idDeal) VALUES (75, 'Agency_75', 'Rejected', '2022-08-19', 44);
INSERT INTO RegulatoryApprovals (idApproval, regulatoryAgencyName, approvalStatus, approvalDate, idDeal) VALUES (76, 'Agency_76', 'Rejected', '2021-04-09', 78);
INSERT INTO RegulatoryApprovals (idApproval, regulatoryAgencyName, approvalStatus, approvalDate, idDeal) VALUES (77, 'Agency_77', 'Rejected', '2023-11-16', 25);
INSERT INTO RegulatoryApprovals (idApproval, regulatoryAgencyName, approvalStatus, approvalDate, idDeal) VALUES (78, 'Agency_78', 'Approved', '2023-08-15', 99);
INSERT INTO RegulatoryApprovals (idApproval, regulatoryAgencyName, approvalStatus, approvalDate, idDeal) VALUES (79, 'Agency_79', 'Rejected', '2021-07-25', 55);
INSERT INTO RegulatoryApprovals (idApproval, regulatoryAgencyName, approvalStatus, approvalDate, idDeal) VALUES (80, 'Agency_80', 'Rejected', '2022-03-10', 28);
INSERT INTO RegulatoryApprovals (idApproval, regulatoryAgencyName, approvalStatus, approvalDate, idDeal) VALUES (81, 'Agency_81', 'Pending', '2023-12-19', 91);
INSERT INTO RegulatoryApprovals (idApproval, regulatoryAgencyName, approvalStatus, approvalDate, idDeal) VALUES (82, 'Agency_82', 'Pending', '2023-02-07', 7);
INSERT INTO RegulatoryApprovals (idApproval, regulatoryAgencyName, approvalStatus, approvalDate, idDeal) VALUES (83, 'Agency_83', 'Pending', '2020-10-13', 56);
INSERT INTO RegulatoryApprovals (idApproval, regulatoryAgencyName, approvalStatus, approvalDate, idDeal) VALUES (84, 'Agency_84', 'Rejected', '2023-10-21', 84);
INSERT INTO RegulatoryApprovals (idApproval, regulatoryAgencyName, approvalStatus, approvalDate, idDeal) VALUES (85, 'Agency_85', 'Rejected', '2022-04-15', 3);
INSERT INTO RegulatoryApprovals (idApproval, regulatoryAgencyName, approvalStatus, approvalDate, idDeal) VALUES (86, 'Agency_86', 'Pending', '2022-04-03', 86);
INSERT INTO RegulatoryApprovals (idApproval, regulatoryAgencyName, approvalStatus, approvalDate, idDeal) VALUES (87, 'Agency_87', 'Rejected', '2023-03-15', 25);
INSERT INTO RegulatoryApprovals (idApproval, regulatoryAgencyName, approvalStatus, approvalDate, idDeal) VALUES (88, 'Agency_88', 'Approved', '2022-07-26', 43);
INSERT INTO RegulatoryApprovals (idApproval, regulatoryAgencyName, approvalStatus, approvalDate, idDeal) VALUES (89, 'Agency_89', 'Pending', '2023-09-01', 30);
INSERT INTO RegulatoryApprovals (idApproval, regulatoryAgencyName, approvalStatus, approvalDate, idDeal) VALUES (90, 'Agency_90', 'Approved', '2021-11-05', 50);
INSERT INTO RegulatoryApprovals (idApproval, regulatoryAgencyName, approvalStatus, approvalDate, idDeal) VALUES (91, 'Agency_91', 'Rejected', '2022-11-03', 43);
INSERT INTO RegulatoryApprovals (idApproval, regulatoryAgencyName, approvalStatus, approvalDate, idDeal) VALUES (92, 'Agency_92', 'Rejected', '2021-02-08', 25);
INSERT INTO RegulatoryApprovals (idApproval, regulatoryAgencyName, approvalStatus, approvalDate, idDeal) VALUES (93, 'Agency_93', 'Rejected', '2023-05-10', 24);
INSERT INTO RegulatoryApprovals (idApproval, regulatoryAgencyName, approvalStatus, approvalDate, idDeal) VALUES (94, 'Agency_94', 'Pending', '2022-11-14', 91);
INSERT INTO RegulatoryApprovals (idApproval, regulatoryAgencyName, approvalStatus, approvalDate, idDeal) VALUES (95, 'Agency_95', 'Rejected', '2021-02-02', 82);
INSERT INTO RegulatoryApprovals (idApproval, regulatoryAgencyName, approvalStatus, approvalDate, idDeal) VALUES (96, 'Agency_96', 'Rejected', '2021-05-07', 7);
INSERT INTO RegulatoryApprovals (idApproval, regulatoryAgencyName, approvalStatus, approvalDate, idDeal) VALUES (97, 'Agency_97', 'Approved', '2022-12-07', 47);
INSERT INTO RegulatoryApprovals (idApproval, regulatoryAgencyName, approvalStatus, approvalDate, idDeal) VALUES (98, 'Agency_98', 'Rejected', '2021-09-17', 21);
INSERT INTO RegulatoryApprovals (idApproval, regulatoryAgencyName, approvalStatus, approvalDate, idDeal) VALUES (99, 'Agency_99', 'Pending', '2021-04-27', 29);
INSERT INTO RegulatoryApprovals (idApproval, regulatoryAgencyName, approvalStatus, approvalDate, idDeal) VALUES (100, 'Agency_100', 'Rejected', '2023-04-20', 81);

# Deal Payment Breakdown
INSERT INTO DealPaymentBreakdown (idPayment, cashComponent, stockComponent, debtAssumption, idDeal) VALUES (1, 2325715.41, 94568271.39, 16528746.62, 93);
INSERT INTO DealPaymentBreakdown (idPayment, cashComponent, stockComponent, debtAssumption, idDeal) VALUES (2, 374120347.98, 486142883.1, 38488262.66, 47);
INSERT INTO DealPaymentBreakdown (idPayment, cashComponent, stockComponent, debtAssumption, idDeal) VALUES (3, 211900526.21, 443846394.53, 78179348.76, 90);
INSERT INTO DealPaymentBreakdown (idPayment, cashComponent, stockComponent, debtAssumption, idDeal) VALUES (4, 29148467.32, 75248203.09, 80724111.6, 64);
INSERT INTO DealPaymentBreakdown (idPayment, cashComponent, stockComponent, debtAssumption, idDeal) VALUES (5, 21250079.58, 171596953.65, 59785409.25, 14);
INSERT INTO DealPaymentBreakdown (idPayment, cashComponent, stockComponent, debtAssumption, idDeal) VALUES (6, 97560093.21, 104503626.2, 298521452.12, 6);
INSERT INTO DealPaymentBreakdown (idPayment, cashComponent, stockComponent, debtAssumption, idDeal) VALUES (7, 202638219.88, 354670022.15, 81977079.5, 38);
INSERT INTO DealPaymentBreakdown (idPayment, cashComponent, stockComponent, debtAssumption, idDeal) VALUES (8, 127513310.83, 495585065.88, 363427618.66, 92);
INSERT INTO DealPaymentBreakdown (idPayment, cashComponent, stockComponent, debtAssumption, idDeal) VALUES (9, 169320203.25, 84133720.46, 196855461.6, 35);
INSERT INTO DealPaymentBreakdown (idPayment, cashComponent, stockComponent, debtAssumption, idDeal) VALUES (10, 215866414.88, 24953443.73, 70426392.61, 95);
INSERT INTO DealPaymentBreakdown (idPayment, cashComponent, stockComponent, debtAssumption, idDeal) VALUES (11, 457662850.34, 318664146.31, 276016679.78, 70);
INSERT INTO DealPaymentBreakdown (idPayment, cashComponent, stockComponent, debtAssumption, idDeal) VALUES (12, 164059311.15, 469364326.95, 346767681.02, 51);
INSERT INTO DealPaymentBreakdown (idPayment, cashComponent, stockComponent, debtAssumption, idDeal) VALUES (13, 468246489.94, 452419665.55, 305159570.49, 84);
INSERT INTO DealPaymentBreakdown (idPayment, cashComponent, stockComponent, debtAssumption, idDeal) VALUES (14, 145587905.43, 244796528.96, 104520148.7, 43);
INSERT INTO DealPaymentBreakdown (idPayment, cashComponent, stockComponent, debtAssumption, idDeal) VALUES (15, 115398365.15, 103668537.85, 207144672.08, 93);
INSERT INTO DealPaymentBreakdown (idPayment, cashComponent, stockComponent, debtAssumption, idDeal) VALUES (16, 69539383.52, 341212588.97, 221868358.38, 67);
INSERT INTO DealPaymentBreakdown (idPayment, cashComponent, stockComponent, debtAssumption, idDeal) VALUES (17, 467202429.08, 231065118.32, 212490649.23, 22);
INSERT INTO DealPaymentBreakdown (idPayment, cashComponent, stockComponent, debtAssumption, idDeal) VALUES (18, 318627971.77, 308950596.11, 24876518.97, 97);
INSERT INTO DealPaymentBreakdown (idPayment, cashComponent, stockComponent, debtAssumption, idDeal) VALUES (19, 477422135.79, 48671035.5, 486737603.07, 89);
INSERT INTO DealPaymentBreakdown (idPayment, cashComponent, stockComponent, debtAssumption, idDeal) VALUES (20, 14756836.05, 17633081.06, 251334158.29, 11);
INSERT INTO DealPaymentBreakdown (idPayment, cashComponent, stockComponent, debtAssumption, idDeal) VALUES (21, 93813139.39, 131489807.83, 95516358.8, 10);
INSERT INTO DealPaymentBreakdown (idPayment, cashComponent, stockComponent, debtAssumption, idDeal) VALUES (22, 404469188.03, 83825337.82, 21433992.38, 7);
INSERT INTO DealPaymentBreakdown (idPayment, cashComponent, stockComponent, debtAssumption, idDeal) VALUES (23, 82791496.45, 240909957.9, 455302308.75, 54);
INSERT INTO DealPaymentBreakdown (idPayment, cashComponent, stockComponent, debtAssumption, idDeal) VALUES (24, 375242147.81, 383572721.63, 106249143.81, 14);
INSERT INTO DealPaymentBreakdown (idPayment, cashComponent, stockComponent, debtAssumption, idDeal) VALUES (25, 276312302.5, 273255972.22, 395744591.36, 24);
INSERT INTO DealPaymentBreakdown (idPayment, cashComponent, stockComponent, debtAssumption, idDeal) VALUES (26, 178323322.21, 324738129.73, 54931958.19, 29);
INSERT INTO DealPaymentBreakdown (idPayment, cashComponent, stockComponent, debtAssumption, idDeal) VALUES (27, 86715290.62, 277253253.25, 288352524.39, 8);
INSERT INTO DealPaymentBreakdown (idPayment, cashComponent, stockComponent, debtAssumption, idDeal) VALUES (28, 402876353.31, 174139677.72, 289355579.33, 2);
INSERT INTO DealPaymentBreakdown (idPayment, cashComponent, stockComponent, debtAssumption, idDeal) VALUES (29, 9550380.7, 2056698.12, 147523556.06, 46);
INSERT INTO DealPaymentBreakdown (idPayment, cashComponent, stockComponent, debtAssumption, idDeal) VALUES (30, 108915102.71, 194078438.53, 476968254.87, 78);
INSERT INTO DealPaymentBreakdown (idPayment, cashComponent, stockComponent, debtAssumption, idDeal) VALUES (31, 137300012.22, 235638304.87, 133227933.65, 7);
INSERT INTO DealPaymentBreakdown (idPayment, cashComponent, stockComponent, debtAssumption, idDeal) VALUES (32, 333788384.13, 175834663.81, 395334715.28, 87);
INSERT INTO DealPaymentBreakdown (idPayment, cashComponent, stockComponent, debtAssumption, idDeal) VALUES (33, 293196440.58, 99516872.27, 199536548.86, 93);
INSERT INTO DealPaymentBreakdown (idPayment, cashComponent, stockComponent, debtAssumption, idDeal) VALUES (34, 298505608.74, 343771346.54, 415478186.53, 21);
INSERT INTO DealPaymentBreakdown (idPayment, cashComponent, stockComponent, debtAssumption, idDeal) VALUES (35, 311104725.76, 125431337.62, 241323228.53, 85);
INSERT INTO DealPaymentBreakdown (idPayment, cashComponent, stockComponent, debtAssumption, idDeal) VALUES (36, 226446180.42, 406253512.67, 383141195.18, 62);
INSERT INTO DealPaymentBreakdown (idPayment, cashComponent, stockComponent, debtAssumption, idDeal) VALUES (37, 153259488.3, 232738026.38, 39095893.33, 62);
INSERT INTO DealPaymentBreakdown (idPayment, cashComponent, stockComponent, debtAssumption, idDeal) VALUES (38, 310641221.0, 449353225.26, 51348412.82, 68);
INSERT INTO DealPaymentBreakdown (idPayment, cashComponent, stockComponent, debtAssumption, idDeal) VALUES (39, 331231701.27, 334449179.59, 342349131.03, 31);
INSERT INTO DealPaymentBreakdown (idPayment, cashComponent, stockComponent, debtAssumption, idDeal) VALUES (40, 183885700.48, 39720557.68, 166287337.04, 84);
INSERT INTO DealPaymentBreakdown (idPayment, cashComponent, stockComponent, debtAssumption, idDeal) VALUES (41, 208540507.2, 401083982.16, 373123756.3, 43);
INSERT INTO DealPaymentBreakdown (idPayment, cashComponent, stockComponent, debtAssumption, idDeal) VALUES (42, 299996302.78, 35289572.47, 50243596.51, 8);
INSERT INTO DealPaymentBreakdown (idPayment, cashComponent, stockComponent, debtAssumption, idDeal) VALUES (43, 116652332.14, 187181976.6, 156460058.43, 97);
INSERT INTO DealPaymentBreakdown (idPayment, cashComponent, stockComponent, debtAssumption, idDeal) VALUES (44, 294272691.28, 481938008.27, 454002303.87, 66);
INSERT INTO DealPaymentBreakdown (idPayment, cashComponent, stockComponent, debtAssumption, idDeal) VALUES (45, 48857725.37, 187942610.08, 283867067.24, 40);
INSERT INTO DealPaymentBreakdown (idPayment, cashComponent, stockComponent, debtAssumption, idDeal) VALUES (46, 312250705.93, 201582491.16, 398416159.11, 77);
INSERT INTO DealPaymentBreakdown (idPayment, cashComponent, stockComponent, debtAssumption, idDeal) VALUES (47, 272574791.49, 172509558.98, 203553789.69, 73);
INSERT INTO DealPaymentBreakdown (idPayment, cashComponent, stockComponent, debtAssumption, idDeal) VALUES (48, 351322428.86, 432865950.45, 371851742.01, 53);
INSERT INTO DealPaymentBreakdown (idPayment, cashComponent, stockComponent, debtAssumption, idDeal) VALUES (49, 458996341.75, 298559226.53, 84839729.87, 54);
INSERT INTO DealPaymentBreakdown (idPayment, cashComponent, stockComponent, debtAssumption, idDeal) VALUES (50, 115556857.79, 400304357.8, 242421173.2, 91);
INSERT INTO DealPaymentBreakdown (idPayment, cashComponent, stockComponent, debtAssumption, idDeal) VALUES (51, 211378432.89, 317809714.7, 159534679.27, 80);
INSERT INTO DealPaymentBreakdown (idPayment, cashComponent, stockComponent, debtAssumption, idDeal) VALUES (52, 178250112.19, 459626945.83, 447251890.64, 54);
INSERT INTO DealPaymentBreakdown (idPayment, cashComponent, stockComponent, debtAssumption, idDeal) VALUES (53, 135548478.57, 310562979.24, 124164474.18, 95);
INSERT INTO DealPaymentBreakdown (idPayment, cashComponent, stockComponent, debtAssumption, idDeal) VALUES (54, 229481000.81, 240725286.67, 129021418.63, 64);
INSERT INTO DealPaymentBreakdown (idPayment, cashComponent, stockComponent, debtAssumption, idDeal) VALUES (55, 123515573.42, 306687374.85, 192971276.1, 73);
INSERT INTO DealPaymentBreakdown (idPayment, cashComponent, stockComponent, debtAssumption, idDeal) VALUES (56, 354402415.8, 220412408.79, 97983796.65, 49);
INSERT INTO DealPaymentBreakdown (idPayment, cashComponent, stockComponent, debtAssumption, idDeal) VALUES (57, 155553576.51, 11020325.73, 286187978.36, 74);
INSERT INTO DealPaymentBreakdown (idPayment, cashComponent, stockComponent, debtAssumption, idDeal) VALUES (58, 182211957.66, 157216609.62, 411299451.2, 83);
INSERT INTO DealPaymentBreakdown (idPayment, cashComponent, stockComponent, debtAssumption, idDeal) VALUES (59, 330822728.91, 204405763.95, 418262756.14, 91);
INSERT INTO DealPaymentBreakdown (idPayment, cashComponent, stockComponent, debtAssumption, idDeal) VALUES (60, 415346197.3, 333070742.18, 495120688.15, 2);
INSERT INTO DealPaymentBreakdown (idPayment, cashComponent, stockComponent, debtAssumption, idDeal) VALUES (61, 355735870.47, 286183696.75, 386184629.06, 72);
INSERT INTO DealPaymentBreakdown (idPayment, cashComponent, stockComponent, debtAssumption, idDeal) VALUES (62, 456437059.92, 212417060.48, 223900406.63, 79);
INSERT INTO DealPaymentBreakdown (idPayment, cashComponent, stockComponent, debtAssumption, idDeal) VALUES (63, 124810418.46, 452098346.85, 70099152.38, 84);
INSERT INTO DealPaymentBreakdown (idPayment, cashComponent, stockComponent, debtAssumption, idDeal) VALUES (64, 292170739.41, 475659404.74, 416788222.13, 11);
INSERT INTO DealPaymentBreakdown (idPayment, cashComponent, stockComponent, debtAssumption, idDeal) VALUES (65, 180191692.75, 84975302.33, 96087032.74, 66);
INSERT INTO DealPaymentBreakdown (idPayment, cashComponent, stockComponent, debtAssumption, idDeal) VALUES (66, 210613756.04, 330397387.81, 333343469.17, 99);
INSERT INTO DealPaymentBreakdown (idPayment, cashComponent, stockComponent, debtAssumption, idDeal) VALUES (67, 129079555.78, 487472228.69, 388568596.38, 61);
INSERT INTO DealPaymentBreakdown (idPayment, cashComponent, stockComponent, debtAssumption, idDeal) VALUES (68, 334792333.98, 335772822.35, 315056399.21, 91);
INSERT INTO DealPaymentBreakdown (idPayment, cashComponent, stockComponent, debtAssumption, idDeal) VALUES (69, 264942069.52, 327317545.95, 252539596.99, 58);
INSERT INTO DealPaymentBreakdown (idPayment, cashComponent, stockComponent, debtAssumption, idDeal) VALUES (70, 95491507.51, 331436872.91, 181860156.81, 18);
INSERT INTO DealPaymentBreakdown (idPayment, cashComponent, stockComponent, debtAssumption, idDeal) VALUES (71, 403421374.67, 137691725.79, 276698373.54, 26);
INSERT INTO DealPaymentBreakdown (idPayment, cashComponent, stockComponent, debtAssumption, idDeal) VALUES (72, 350893138.3, 453922936.7, 75708667.59, 34);
INSERT INTO DealPaymentBreakdown (idPayment, cashComponent, stockComponent, debtAssumption, idDeal) VALUES (73, 429344179.09, 291820526.3, 100565506.3, 88);
INSERT INTO DealPaymentBreakdown (idPayment, cashComponent, stockComponent, debtAssumption, idDeal) VALUES (74, 97254226.64, 403813100.22, 102935196.27, 20);
INSERT INTO DealPaymentBreakdown (idPayment, cashComponent, stockComponent, debtAssumption, idDeal) VALUES (75, 412849392.65, 385323550.24, 177876227.47, 45);
INSERT INTO DealPaymentBreakdown (idPayment, cashComponent, stockComponent, debtAssumption, idDeal) VALUES (76, 380428475.02, 149600834.71, 175599312.85, 90);
INSERT INTO DealPaymentBreakdown (idPayment, cashComponent, stockComponent, debtAssumption, idDeal) VALUES (77, 475443783.36, 134586751.06, 422374847.53, 51);
INSERT INTO DealPaymentBreakdown (idPayment, cashComponent, stockComponent, debtAssumption, idDeal) VALUES (78, 165965597.34, 350903305.29, 480113305.78, 50);
INSERT INTO DealPaymentBreakdown (idPayment, cashComponent, stockComponent, debtAssumption, idDeal) VALUES (79, 315704123.79, 122825383.66, 15833000.0, 57);
INSERT INTO DealPaymentBreakdown (idPayment, cashComponent, stockComponent, debtAssumption, idDeal) VALUES (80, 380712736.8, 57526344.32, 285881122.27, 11);
INSERT INTO DealPaymentBreakdown (idPayment, cashComponent, stockComponent, debtAssumption, idDeal) VALUES (81, 76851232.36, 445832045.83, 136552931.93, 77);
INSERT INTO DealPaymentBreakdown (idPayment, cashComponent, stockComponent, debtAssumption, idDeal) VALUES (82, 302267030.05, 457850932.03, 208482902.64, 52);
INSERT INTO DealPaymentBreakdown (idPayment, cashComponent, stockComponent, debtAssumption, idDeal) VALUES (83, 295460716.86, 492445105.05, 379920601.96, 22);
INSERT INTO DealPaymentBreakdown (idPayment, cashComponent, stockComponent, debtAssumption, idDeal) VALUES (84, 77221432.66, 306499938.0, 435407572.23, 89);
INSERT INTO DealPaymentBreakdown (idPayment, cashComponent, stockComponent, debtAssumption, idDeal) VALUES (85, 433883635.02, 352365305.72, 341565520.51, 5);
INSERT INTO DealPaymentBreakdown (idPayment, cashComponent, stockComponent, debtAssumption, idDeal) VALUES (86, 293294753.03, 132041850.8, 297270138.7, 63);
INSERT INTO DealPaymentBreakdown (idPayment, cashComponent, stockComponent, debtAssumption, idDeal) VALUES (87, 1728069.73, 282757744.93, 83964600.98, 45);
INSERT INTO DealPaymentBreakdown (idPayment, cashComponent, stockComponent, debtAssumption, idDeal) VALUES (88, 359664312.57, 332633538.53, 63418553.53, 93);
INSERT INTO DealPaymentBreakdown (idPayment, cashComponent, stockComponent, debtAssumption, idDeal) VALUES (89, 111832005.03, 431981232.07, 466025558.95, 7);
INSERT INTO DealPaymentBreakdown (idPayment, cashComponent, stockComponent, debtAssumption, idDeal) VALUES (90, 408591140.76, 78052108.15, 295895305.59, 85);
INSERT INTO DealPaymentBreakdown (idPayment, cashComponent, stockComponent, debtAssumption, idDeal) VALUES (91, 7792247.43, 455436467.69, 97559114.69, 60);
INSERT INTO DealPaymentBreakdown (idPayment, cashComponent, stockComponent, debtAssumption, idDeal) VALUES (92, 349135596.61, 164567714.7, 44607229.71, 28);
INSERT INTO DealPaymentBreakdown (idPayment, cashComponent, stockComponent, debtAssumption, idDeal) VALUES (93, 96182334.89, 193262016.4, 366574801.32, 99);
INSERT INTO DealPaymentBreakdown (idPayment, cashComponent, stockComponent, debtAssumption, idDeal) VALUES (94, 473164376.14, 131967500.8, 221868847.97, 96);
INSERT INTO DealPaymentBreakdown (idPayment, cashComponent, stockComponent, debtAssumption, idDeal) VALUES (95, 93074143.37, 94373748.72, 261764919.23, 42);
INSERT INTO DealPaymentBreakdown (idPayment, cashComponent, stockComponent, debtAssumption, idDeal) VALUES (96, 417942311.29, 405331797.99, 287573265.61, 14);
INSERT INTO DealPaymentBreakdown (idPayment, cashComponent, stockComponent, debtAssumption, idDeal) VALUES (97, 345807965.74, 135189680.66, 75152270.22, 51);
INSERT INTO DealPaymentBreakdown (idPayment, cashComponent, stockComponent, debtAssumption, idDeal) VALUES (98, 14437629.92, 254814043.4, 220852630.51, 68);
INSERT INTO DealPaymentBreakdown (idPayment, cashComponent, stockComponent, debtAssumption, idDeal) VALUES (99, 244908591.43, 239849931.74, 183889628.37, 22);
INSERT INTO DealPaymentBreakdown (idPayment, cashComponent, stockComponent, debtAssumption, idDeal) VALUES (100, 499737945.26, 86908483.66, 195020488.85, 95);


#Risk insert
INSERT INTO DealRiskFactors (idRisk, riskDescription, riskSeverity, mitigationPlan) VALUES (1, 'Market volatility', 'Low', 'Hedge');
INSERT INTO DealRiskFactors (idRisk, riskDescription, riskSeverity, mitigationPlan) VALUES (2, 'Regulatory compliance issues', 'Low', 'None');
INSERT INTO DealRiskFactors (idRisk, riskDescription, riskSeverity, mitigationPlan) VALUES (3, 'Cybersecurity threats', 'High', 'Hedge');
INSERT INTO DealRiskFactors (idRisk, riskDescription, riskSeverity, mitigationPlan) VALUES (4, 'Supply chain disruption', 'High', 'Insurance');
INSERT INTO DealRiskFactors (idRisk, riskDescription, riskSeverity, mitigationPlan) VALUES (5, 'Operational inefficiencies', 'Low', 'None');
INSERT INTO DealRiskFactors (idRisk, riskDescription, riskSeverity, mitigationPlan) VALUES (6, 'Economic downturn', 'Medium', 'None');
INSERT INTO DealRiskFactors (idRisk, riskDescription, riskSeverity, mitigationPlan) VALUES (7, 'Interest rate fluctuations', 'Low', 'None');
INSERT INTO DealRiskFactors (idRisk, riskDescription, riskSeverity, mitigationPlan) VALUES (8, 'Exchange rate risks', 'Low', 'None');
INSERT INTO DealRiskFactors (idRisk, riskDescription, riskSeverity, mitigationPlan) VALUES (9, 'Political instability', 'Medium', 'Hedge');
INSERT INTO DealRiskFactors (idRisk, riskDescription, riskSeverity, mitigationPlan) VALUES (10, 'Data privacy concerns', 'Medium', 'None');
INSERT INTO DealRiskFactors (idRisk, riskDescription, riskSeverity, mitigationPlan) VALUES (11, 'Labor shortages', 'Medium', 'None');
INSERT INTO DealRiskFactors (idRisk, riskDescription, riskSeverity, mitigationPlan) VALUES (12, 'Natural disasters', 'High', 'Insurance');
INSERT INTO DealRiskFactors (idRisk, riskDescription, riskSeverity, mitigationPlan) VALUES (13, 'Reputation damage', 'High', 'Insurance');
INSERT INTO DealRiskFactors (idRisk, riskDescription, riskSeverity, mitigationPlan) VALUES (14, 'Technology obsolescence', 'Medium', 'None');
INSERT INTO DealRiskFactors (idRisk, riskDescription, riskSeverity, mitigationPlan) VALUES (15, 'Customer attrition', 'Medium', 'Hedge');
INSERT INTO DealRiskFactors (idRisk, riskDescription, riskSeverity, mitigationPlan) VALUES (16, 'Competition pressures', 'Low', 'None');
INSERT INTO DealRiskFactors (idRisk, riskDescription, riskSeverity, mitigationPlan) VALUES (17, 'Environmental compliance', 'Medium', 'Hedge');
INSERT INTO DealRiskFactors (idRisk, riskDescription, riskSeverity, mitigationPlan) VALUES (18, 'Fraud and embezzlement', 'High', 'Insurance');
INSERT INTO DealRiskFactors (idRisk, riskDescription, riskSeverity, mitigationPlan) VALUES (19, 'Legal disputes', 'Low', 'None');
INSERT INTO DealRiskFactors (idRisk, riskDescription, riskSeverity, mitigationPlan) VALUES (20, 'Product recalls', 'High', 'Insurance');
INSERT INTO DealRiskFactors (idRisk, riskDescription, riskSeverity, mitigationPlan) VALUES (21, 'Intellectual property theft', 'Low', 'None');
INSERT INTO DealRiskFactors (idRisk, riskDescription, riskSeverity, mitigationPlan) VALUES (22, 'Energy price spikes', 'High', 'Hedge');
INSERT INTO DealRiskFactors (idRisk, riskDescription, riskSeverity, mitigationPlan) VALUES (23, 'Credit risks', 'Low', 'Hedge');
INSERT INTO DealRiskFactors (idRisk, riskDescription, riskSeverity, mitigationPlan) VALUES (24, 'Contract disputes', 'Medium', 'Hedge');
INSERT INTO DealRiskFactors (idRisk, riskDescription, riskSeverity, mitigationPlan) VALUES (25, 'Raw material shortages', 'Low', 'None');
INSERT INTO DealRiskFactors (idRisk, riskDescription, riskSeverity, mitigationPlan) VALUES (26, 'Customer insolvency', 'Low', 'Hedge');
INSERT INTO DealRiskFactors (idRisk, riskDescription, riskSeverity, mitigationPlan) VALUES (27, 'Regulatory penalties', 'High', 'None');
INSERT INTO DealRiskFactors (idRisk, riskDescription, riskSeverity, mitigationPlan) VALUES (28, 'Insurance cost spikes', 'Low', 'Insurance');
INSERT INTO DealRiskFactors (idRisk, riskDescription, riskSeverity, mitigationPlan) VALUES (29, 'Vendor dependency', 'High', 'Insurance');
INSERT INTO DealRiskFactors (idRisk, riskDescription, riskSeverity, mitigationPlan) VALUES (30, 'Product liability lawsuits', 'High', 'None');
INSERT INTO DealRiskFactors (idRisk, riskDescription, riskSeverity, mitigationPlan) VALUES (31, 'Pandemic-related disruptions', 'High', 'None');
INSERT INTO DealRiskFactors (idRisk, riskDescription, riskSeverity, mitigationPlan) VALUES (32, 'Logistics bottlenecks', 'Medium', 'None');
INSERT INTO DealRiskFactors (idRisk, riskDescription, riskSeverity, mitigationPlan) VALUES (33, 'Unethical supplier practices', 'Medium', 'Insurance');
INSERT INTO DealRiskFactors (idRisk, riskDescription, riskSeverity, mitigationPlan) VALUES (34, 'Delayed product launches', 'High', 'None');
INSERT INTO DealRiskFactors (idRisk, riskDescription, riskSeverity, mitigationPlan) VALUES (35, 'Market demand shifts', 'Medium', 'Insurance');
INSERT INTO DealRiskFactors (idRisk, riskDescription, riskSeverity, mitigationPlan) VALUES (36, 'Data breaches', 'High', 'None');
INSERT INTO DealRiskFactors (idRisk, riskDescription, riskSeverity, mitigationPlan) VALUES (37, 'Vendor reliability issues', 'Medium', 'None');
INSERT INTO DealRiskFactors (idRisk, riskDescription, riskSeverity, mitigationPlan) VALUES (38, 'Patent expirations', 'Medium', 'None');
INSERT INTO DealRiskFactors (idRisk, riskDescription, riskSeverity, mitigationPlan) VALUES (39, 'Defective components', 'Medium', 'Insurance');
INSERT INTO DealRiskFactors (idRisk, riskDescription, riskSeverity, mitigationPlan) VALUES (40, 'Climate change impact', 'High', 'Hedge');
INSERT INTO DealRiskFactors (idRisk, riskDescription, riskSeverity, mitigationPlan) VALUES (41, 'Disruption of critical utilities', 'Low', 'Insurance');
INSERT INTO DealRiskFactors (idRisk, riskDescription, riskSeverity, mitigationPlan) VALUES (42, 'Inconsistent cash flows', 'Low', 'Hedge');
INSERT INTO DealRiskFactors (idRisk, riskDescription, riskSeverity, mitigationPlan) VALUES (43, 'Increased competition', 'Low', 'Insurance');
INSERT INTO DealRiskFactors (idRisk, riskDescription, riskSeverity, mitigationPlan) VALUES (44, 'IT system failures', 'High', 'Insurance');
INSERT INTO DealRiskFactors (idRisk, riskDescription, riskSeverity, mitigationPlan) VALUES (45, 'Customer dissatisfaction', 'Low', 'Hedge');
INSERT INTO DealRiskFactors (idRisk, riskDescription, riskSeverity, mitigationPlan) VALUES (46, 'Pricing pressure from competitors', 'Low', 'Insurance');
INSERT INTO DealRiskFactors (idRisk, riskDescription, riskSeverity, mitigationPlan) VALUES (47, 'Taxation policy changes', 'High', 'Insurance');
INSERT INTO DealRiskFactors (idRisk, riskDescription, riskSeverity, mitigationPlan) VALUES (48, 'Intense market consolidation', 'Medium', 'Hedge');
INSERT INTO DealRiskFactors (idRisk, riskDescription, riskSeverity, mitigationPlan) VALUES (49, 'Natural resource scarcity', 'High', 'Insurance');
INSERT INTO DealRiskFactors (idRisk, riskDescription, riskSeverity, mitigationPlan) VALUES (50, 'Employee turnover', 'High', 'Hedge');
INSERT INTO DealRiskFactors (idRisk, riskDescription, riskSeverity, mitigationPlan) VALUES (51, 'Workforce skill gaps', 'Medium', 'Insurance');
INSERT INTO DealRiskFactors (idRisk, riskDescription, riskSeverity, mitigationPlan) VALUES (52, 'Environmental lawsuits', 'Low', 'Insurance');
INSERT INTO DealRiskFactors (idRisk, riskDescription, riskSeverity, mitigationPlan) VALUES (53, 'Accounting fraud', 'High', 'Insurance');
INSERT INTO DealRiskFactors (idRisk, riskDescription, riskSeverity, mitigationPlan) VALUES (54, 'Insufficient inventory', 'Medium', 'Insurance');
INSERT INTO DealRiskFactors (idRisk, riskDescription, riskSeverity, mitigationPlan) VALUES (55, 'Over-reliance on key customers', 'High', 'Insurance');
INSERT INTO DealRiskFactors (idRisk, riskDescription, riskSeverity, mitigationPlan) VALUES (56, 'Currency devaluation', 'Medium', 'Hedge');
INSERT INTO DealRiskFactors (idRisk, riskDescription, riskSeverity, mitigationPlan) VALUES (57, 'Uninsured property loss', 'Medium', 'None');
INSERT INTO DealRiskFactors (idRisk, riskDescription, riskSeverity, mitigationPlan) VALUES (58, 'Rising material costs', 'Medium', 'Hedge');
INSERT INTO DealRiskFactors (idRisk, riskDescription, riskSeverity, mitigationPlan) VALUES (59, 'Consumer boycott', 'Low', 'Hedge');
INSERT INTO DealRiskFactors (idRisk, riskDescription, riskSeverity, mitigationPlan) VALUES (60, 'Unsecured debt risks', 'High', 'None');
INSERT INTO DealRiskFactors (idRisk, riskDescription, riskSeverity, mitigationPlan) VALUES (61, 'Deferred revenue recognition', 'Medium', 'Hedge');
INSERT INTO DealRiskFactors (idRisk, riskDescription, riskSeverity, mitigationPlan) VALUES (62, 'Operational bottlenecks', 'Low', 'Insurance');
INSERT INTO DealRiskFactors (idRisk, riskDescription, riskSeverity, mitigationPlan) VALUES (63, 'Low employee engagement', 'Low', 'None');
INSERT INTO DealRiskFactors (idRisk, riskDescription, riskSeverity, mitigationPlan) VALUES (64, 'Shifts in consumer behavior', 'Medium', 'None');
INSERT INTO DealRiskFactors (idRisk, riskDescription, riskSeverity, mitigationPlan) VALUES (65, 'International trade restrictions', 'High', 'Insurance');
INSERT INTO DealRiskFactors (idRisk, riskDescription, riskSeverity, mitigationPlan) VALUES (66, 'Legal and regulatory changes', 'High', 'None');
INSERT INTO DealRiskFactors (idRisk, riskDescription, riskSeverity, mitigationPlan) VALUES (67, 'Poor infrastructure reliability', 'Medium', 'None');
INSERT INTO DealRiskFactors (idRisk, riskDescription, riskSeverity, mitigationPlan) VALUES (68, 'Loss of market share', 'High', 'Hedge');
INSERT INTO DealRiskFactors (idRisk, riskDescription, riskSeverity, mitigationPlan) VALUES (69, 'Delays in supplier deliveries', 'Medium', 'Hedge');
INSERT INTO DealRiskFactors (idRisk, riskDescription, riskSeverity, mitigationPlan) VALUES (70, 'Volatile commodity prices', 'Low', 'Insurance');
INSERT INTO DealRiskFactors (idRisk, riskDescription, riskSeverity, mitigationPlan) VALUES (71, 'High inventory holding costs', 'Medium', 'None');
INSERT INTO DealRiskFactors (idRisk, riskDescription, riskSeverity, mitigationPlan) VALUES (72, 'Uninsured cyber incidents', 'High', 'Insurance');
INSERT INTO DealRiskFactors (idRisk, riskDescription, riskSeverity, mitigationPlan) VALUES (73, 'Production facility downtime', 'Medium', 'Hedge');
INSERT INTO DealRiskFactors (idRisk, riskDescription, riskSeverity, mitigationPlan) VALUES (74, 'Counterfeit product risks', 'Low', 'Insurance');
INSERT INTO DealRiskFactors (idRisk, riskDescription, riskSeverity, mitigationPlan) VALUES (75, 'Global pandemic exposure', 'High', 'None');
INSERT INTO DealRiskFactors (idRisk, riskDescription, riskSeverity, mitigationPlan) VALUES (76, 'Dependence on a single market', 'High', 'None');
INSERT INTO DealRiskFactors (idRisk, riskDescription, riskSeverity, mitigationPlan) VALUES (77, 'Unstable supplier networks', 'High', 'Insurance');
INSERT INTO DealRiskFactors (idRisk, riskDescription, riskSeverity, mitigationPlan) VALUES (78, 'Unanticipated warranty claims', 'Medium', 'Hedge');
INSERT INTO DealRiskFactors (idRisk, riskDescription, riskSeverity, mitigationPlan) VALUES (79, 'Energy supply disruptions', 'High', 'None');
INSERT INTO DealRiskFactors (idRisk, riskDescription, riskSeverity, mitigationPlan) VALUES (80, 'Geopolitical conflicts', 'High', 'Hedge');
INSERT INTO DealRiskFactors (idRisk, riskDescription, riskSeverity, mitigationPlan) VALUES (81, 'Limited market diversification', 'Low', 'Insurance');
INSERT INTO DealRiskFactors (idRisk, riskDescription, riskSeverity, mitigationPlan) VALUES (82, 'Product safety recalls', 'High', 'Insurance');
INSERT INTO DealRiskFactors (idRisk, riskDescription, riskSeverity, mitigationPlan) VALUES (83, 'Unanticipated equipment failures', 'Low', 'Insurance');
INSERT INTO DealRiskFactors (idRisk, riskDescription, riskSeverity, mitigationPlan) VALUES (84, 'Inadequate cash reserves', 'Low', 'Hedge');
INSERT INTO DealRiskFactors (idRisk, riskDescription, riskSeverity, mitigationPlan) VALUES (85, 'Intellectual property litigation', 'Low', 'None');
INSERT INTO DealRiskFactors (idRisk, riskDescription, riskSeverity, mitigationPlan) VALUES (86, 'Inconsistent regulatory audits', 'High', 'None');
INSERT INTO DealRiskFactors (idRisk, riskDescription, riskSeverity, mitigationPlan) VALUES (87, 'High environmental remediation costs', 'High', 'Insurance');
INSERT INTO DealRiskFactors (idRisk, riskDescription, riskSeverity, mitigationPlan) VALUES (88, 'Excessive operational downtime', 'Medium', 'Insurance');
INSERT INTO DealRiskFactors (idRisk, riskDescription, riskSeverity, mitigationPlan) VALUES (89, 'Cost overruns on projects', 'Medium', 'None');
INSERT INTO DealRiskFactors (idRisk, riskDescription, riskSeverity, mitigationPlan) VALUES (90, 'Excessive fixed costs', 'Medium', 'None');
INSERT INTO DealRiskFactors (idRisk, riskDescription, riskSeverity, mitigationPlan) VALUES (91, 'Unsecured revenue streams', 'Low', 'None');
INSERT INTO DealRiskFactors (idRisk, riskDescription, riskSeverity, mitigationPlan) VALUES (92, 'Volatile consumer preferences', 'Low', 'None');
INSERT INTO DealRiskFactors (idRisk, riskDescription, riskSeverity, mitigationPlan) VALUES (93, 'Over-reliance on digital platforms', 'Low', 'Hedge');
INSERT INTO DealRiskFactors (idRisk, riskDescription, riskSeverity, mitigationPlan) VALUES (94, 'Shifting labor market dynamics', 'Medium', 'Insurance');
INSERT INTO DealRiskFactors (idRisk, riskDescription, riskSeverity, mitigationPlan) VALUES (95, 'Supplier financial instability', 'Medium', 'Hedge');
INSERT INTO DealRiskFactors (idRisk, riskDescription, riskSeverity, mitigationPlan) VALUES (96, 'Outdated operational technology', 'High', 'None');
INSERT INTO DealRiskFactors (idRisk, riskDescription, riskSeverity, mitigationPlan) VALUES (97, 'Intense regional competition', 'High', 'None');
INSERT INTO DealRiskFactors (idRisk, riskDescription, riskSeverity, mitigationPlan) VALUES (98, 'Disruptions in logistics networks', 'Medium', 'Hedge');
INSERT INTO DealRiskFactors (idRisk, riskDescription, riskSeverity, mitigationPlan) VALUES (99, 'Seasonal demand fluctuations', 'Low', 'Hedge');
INSERT INTO DealRiskFactors (idRisk, riskDescription, riskSeverity, mitigationPlan) VALUES (100, 'Rising insurance premiums', 'Low', 'Insurance');

# Shareholder Details
INSERT INTO ShareholderDetails (idShareholder, shareholderName, ownershipPercentage, stakeType) VALUES (1, 'Shareholder_1', 13.97, 'Minority');
INSERT INTO ShareholderDetails (idShareholder, shareholderName, ownershipPercentage, stakeType) VALUES (2, 'Shareholder_2', 44.18, 'Minority');
INSERT INTO ShareholderDetails (idShareholder, shareholderName, ownershipPercentage, stakeType) VALUES (3, 'Shareholder_3', 32.6, 'Minority');
INSERT INTO ShareholderDetails (idShareholder, shareholderName, ownershipPercentage, stakeType) VALUES (4, 'Shareholder_4', 9.92, 'Minority');
INSERT INTO ShareholderDetails (idShareholder, shareholderName, ownershipPercentage, stakeType) VALUES (5, 'Shareholder_5', 14.28, 'Minority');
INSERT INTO ShareholderDetails (idShareholder, shareholderName, ownershipPercentage, stakeType) VALUES (6, 'Shareholder_6', 46.77, 'Majority');
INSERT INTO ShareholderDetails (idShareholder, shareholderName, ownershipPercentage, stakeType) VALUES (7, 'Shareholder_7', 12.95, 'Majority');
INSERT INTO ShareholderDetails (idShareholder, shareholderName, ownershipPercentage, stakeType) VALUES (8, 'Shareholder_8', 49.87, 'Minority');
INSERT INTO ShareholderDetails (idShareholder, shareholderName, ownershipPercentage, stakeType) VALUES (9, 'Shareholder_9', 5.19, 'Minority');
INSERT INTO ShareholderDetails (idShareholder, shareholderName, ownershipPercentage, stakeType) VALUES (10, 'Shareholder_10', 18.85, 'Majority');
INSERT INTO ShareholderDetails (idShareholder, shareholderName, ownershipPercentage, stakeType) VALUES (11, 'Shareholder_11', 41.15, 'Minority');
INSERT INTO ShareholderDetails (idShareholder, shareholderName, ownershipPercentage, stakeType) VALUES (12, 'Shareholder_12', 15.41, 'Majority');
INSERT INTO ShareholderDetails (idShareholder, shareholderName, ownershipPercentage, stakeType) VALUES (13, 'Shareholder_13', 36.46, 'Majority');
INSERT INTO ShareholderDetails (idShareholder, shareholderName, ownershipPercentage, stakeType) VALUES (14, 'Shareholder_14', 10.28, 'Minority');
INSERT INTO ShareholderDetails (idShareholder, shareholderName, ownershipPercentage, stakeType) VALUES (15, 'Shareholder_15', 48.65, 'Minority');
INSERT INTO ShareholderDetails (idShareholder, shareholderName, ownershipPercentage, stakeType) VALUES (16, 'Shareholder_16', 5.47, 'Minority');
INSERT INTO ShareholderDetails (idShareholder, shareholderName, ownershipPercentage, stakeType) VALUES (17, 'Shareholder_17', 44.64, 'Minority');
INSERT INTO ShareholderDetails (idShareholder, shareholderName, ownershipPercentage, stakeType) VALUES (18, 'Shareholder_18', 28.6, 'Minority');
INSERT INTO ShareholderDetails (idShareholder, shareholderName, ownershipPercentage, stakeType) VALUES (19, 'Shareholder_19', 19.13, 'Majority');
INSERT INTO ShareholderDetails (idShareholder, shareholderName, ownershipPercentage, stakeType) VALUES (20, 'Shareholder_20', 18.51, 'Majority');
INSERT INTO ShareholderDetails (idShareholder, shareholderName, ownershipPercentage, stakeType) VALUES (21, 'Shareholder_21', 22.66, 'Minority');
INSERT INTO ShareholderDetails (idShareholder, shareholderName, ownershipPercentage, stakeType) VALUES (22, 'Shareholder_22', 29.84, 'Majority');
INSERT INTO ShareholderDetails (idShareholder, shareholderName, ownershipPercentage, stakeType) VALUES (23, 'Shareholder_23', 9.13, 'Minority');
INSERT INTO ShareholderDetails (idShareholder, shareholderName, ownershipPercentage, stakeType) VALUES (24, 'Shareholder_24', 13.32, 'Minority');
INSERT INTO ShareholderDetails (idShareholder, shareholderName, ownershipPercentage, stakeType) VALUES (25, 'Shareholder_25', 10.26, 'Majority');
INSERT INTO ShareholderDetails (idShareholder, shareholderName, ownershipPercentage, stakeType) VALUES (26, 'Shareholder_26', 9.85, 'Minority');
INSERT INTO ShareholderDetails (idShareholder, shareholderName, ownershipPercentage, stakeType) VALUES (27, 'Shareholder_27', 21.96, 'Minority');
INSERT INTO ShareholderDetails (idShareholder, shareholderName, ownershipPercentage, stakeType) VALUES (28, 'Shareholder_28', 30.61, 'Minority');
INSERT INTO ShareholderDetails (idShareholder, shareholderName, ownershipPercentage, stakeType) VALUES (29, 'Shareholder_29', 28.08, 'Minority');
INSERT INTO ShareholderDetails (idShareholder, shareholderName, ownershipPercentage, stakeType) VALUES (30, 'Shareholder_30', 31.0, 'Minority');
INSERT INTO ShareholderDetails (idShareholder, shareholderName, ownershipPercentage, stakeType) VALUES (31, 'Shareholder_31', 18.22, 'Minority');
INSERT INTO ShareholderDetails (idShareholder, shareholderName, ownershipPercentage, stakeType) VALUES (32, 'Shareholder_32', 13.31, 'Majority');
INSERT INTO ShareholderDetails (idShareholder, shareholderName, ownershipPercentage, stakeType) VALUES (33, 'Shareholder_33', 42.65, 'Minority');
INSERT INTO ShareholderDetails (idShareholder, shareholderName, ownershipPercentage, stakeType) VALUES (34, 'Shareholder_34', 39.23, 'Majority');
INSERT INTO ShareholderDetails (idShareholder, shareholderName, ownershipPercentage, stakeType) VALUES (35, 'Shareholder_35', 47.72, 'Minority');
INSERT INTO ShareholderDetails (idShareholder, shareholderName, ownershipPercentage, stakeType) VALUES (36, 'Shareholder_36', 31.05, 'Majority');
INSERT INTO ShareholderDetails (idShareholder, shareholderName, ownershipPercentage, stakeType) VALUES (37, 'Shareholder_37', 34.52, 'Minority');
INSERT INTO ShareholderDetails (idShareholder, shareholderName, ownershipPercentage, stakeType) VALUES (38, 'Shareholder_38', 35.32, 'Minority');
INSERT INTO ShareholderDetails (idShareholder, shareholderName, ownershipPercentage, stakeType) VALUES (39, 'Shareholder_39', 48.61, 'Majority');
INSERT INTO ShareholderDetails (idShareholder, shareholderName, ownershipPercentage, stakeType) VALUES (40, 'Shareholder_40', 3.56, 'Majority');
INSERT INTO ShareholderDetails (idShareholder, shareholderName, ownershipPercentage, stakeType) VALUES (41, 'Shareholder_41', 48.33, 'Minority');
INSERT INTO ShareholderDetails (idShareholder, shareholderName, ownershipPercentage, stakeType) VALUES (42, 'Shareholder_42', 40.1, 'Majority');
INSERT INTO ShareholderDetails (idShareholder, shareholderName, ownershipPercentage, stakeType) VALUES (43, 'Shareholder_43', 22.04, 'Minority');
INSERT INTO ShareholderDetails (idShareholder, shareholderName, ownershipPercentage, stakeType) VALUES (44, 'Shareholder_44', 22.5, 'Majority');
INSERT INTO ShareholderDetails (idShareholder, shareholderName, ownershipPercentage, stakeType) VALUES (45, 'Shareholder_45', 3.11, 'Minority');
INSERT INTO ShareholderDetails (idShareholder, shareholderName, ownershipPercentage, stakeType) VALUES (46, 'Shareholder_46', 1.5, 'Majority');
INSERT INTO ShareholderDetails (idShareholder, shareholderName, ownershipPercentage, stakeType) VALUES (47, 'Shareholder_47', 33.96, 'Majority');
INSERT INTO ShareholderDetails (idShareholder, shareholderName, ownershipPercentage, stakeType) VALUES (48, 'Shareholder_48', 14.35, 'Majority');
INSERT INTO ShareholderDetails (idShareholder, shareholderName, ownershipPercentage, stakeType) VALUES (49, 'Shareholder_49', 38.95, 'Minority');
INSERT INTO ShareholderDetails (idShareholder, shareholderName, ownershipPercentage, stakeType) VALUES (50, 'Shareholder_50', 25.64, 'Minority');
INSERT INTO ShareholderDetails (idShareholder, shareholderName, ownershipPercentage, stakeType) VALUES (51, 'Shareholder_51', 45.55, 'Minority');
INSERT INTO ShareholderDetails (idShareholder, shareholderName, ownershipPercentage, stakeType) VALUES (52, 'Shareholder_52', 1.44, 'Majority');
INSERT INTO ShareholderDetails (idShareholder, shareholderName, ownershipPercentage, stakeType) VALUES (53, 'Shareholder_53', 43.35, 'Minority');
INSERT INTO ShareholderDetails (idShareholder, shareholderName, ownershipPercentage, stakeType) VALUES (54, 'Shareholder_54', 39.96, 'Minority');
INSERT INTO ShareholderDetails (idShareholder, shareholderName, ownershipPercentage, stakeType) VALUES (55, 'Shareholder_55', 36.25, 'Majority');
INSERT INTO ShareholderDetails (idShareholder, shareholderName, ownershipPercentage, stakeType) VALUES (56, 'Shareholder_56', 21.46, 'Minority');
INSERT INTO ShareholderDetails (idShareholder, shareholderName, ownershipPercentage, stakeType) VALUES (57, 'Shareholder_57', 1.07, 'Minority');
INSERT INTO ShareholderDetails (idShareholder, shareholderName, ownershipPercentage, stakeType) VALUES (58, 'Shareholder_58', 1.09, 'Minority');
INSERT INTO ShareholderDetails (idShareholder, shareholderName, ownershipPercentage, stakeType) VALUES (59, 'Shareholder_59', 46.65, 'Minority');
INSERT INTO ShareholderDetails (idShareholder, shareholderName, ownershipPercentage, stakeType) VALUES (60, 'Shareholder_60', 7.13, 'Minority');
INSERT INTO ShareholderDetails (idShareholder, shareholderName, ownershipPercentage, stakeType) VALUES (61, 'Shareholder_61', 45.12, 'Majority');
INSERT INTO ShareholderDetails (idShareholder, shareholderName, ownershipPercentage, stakeType) VALUES (62, 'Shareholder_62', 22.92, 'Majority');
INSERT INTO ShareholderDetails (idShareholder, shareholderName, ownershipPercentage, stakeType) VALUES (63, 'Shareholder_63', 25.34, 'Minority');
INSERT INTO ShareholderDetails (idShareholder, shareholderName, ownershipPercentage, stakeType) VALUES (64, 'Shareholder_64', 22.76, 'Minority');
INSERT INTO ShareholderDetails (idShareholder, shareholderName, ownershipPercentage, stakeType) VALUES (65, 'Shareholder_65', 24.03, 'Majority');
INSERT INTO ShareholderDetails (idShareholder, shareholderName, ownershipPercentage, stakeType) VALUES (66, 'Shareholder_66', 30.32, 'Majority');
INSERT INTO ShareholderDetails (idShareholder, shareholderName, ownershipPercentage, stakeType) VALUES (67, 'Shareholder_67', 17.31, 'Minority');
INSERT INTO ShareholderDetails (idShareholder, shareholderName, ownershipPercentage, stakeType) VALUES (68, 'Shareholder_68', 7.0, 'Majority');
INSERT INTO ShareholderDetails (idShareholder, shareholderName, ownershipPercentage, stakeType) VALUES (69, 'Shareholder_69', 48.57, 'Majority');
INSERT INTO ShareholderDetails (idShareholder, shareholderName, ownershipPercentage, stakeType) VALUES (70, 'Shareholder_70', 5.31, 'Minority');
INSERT INTO ShareholderDetails (idShareholder, shareholderName, ownershipPercentage, stakeType) VALUES (71, 'Shareholder_71', 35.23, 'Minority');
INSERT INTO ShareholderDetails (idShareholder, shareholderName, ownershipPercentage, stakeType) VALUES (72, 'Shareholder_72', 15.84, 'Majority');
INSERT INTO ShareholderDetails (idShareholder, shareholderName, ownershipPercentage, stakeType) VALUES (73, 'Shareholder_73', 9.23, 'Majority');
INSERT INTO ShareholderDetails (idShareholder, shareholderName, ownershipPercentage, stakeType) VALUES (74, 'Shareholder_74', 30.44, 'Majority');
INSERT INTO ShareholderDetails (idShareholder, shareholderName, ownershipPercentage, stakeType) VALUES (75, 'Shareholder_75', 38.08, 'Minority');
INSERT INTO ShareholderDetails (idShareholder, shareholderName, ownershipPercentage, stakeType) VALUES (76, 'Shareholder_76', 35.8, 'Minority');
INSERT INTO ShareholderDetails (idShareholder, shareholderName, ownershipPercentage, stakeType) VALUES (77, 'Shareholder_77', 36.03, 'Minority');
INSERT INTO ShareholderDetails (idShareholder, shareholderName, ownershipPercentage, stakeType) VALUES (78, 'Shareholder_78', 19.77, 'Minority');
INSERT INTO ShareholderDetails (idShareholder, shareholderName, ownershipPercentage, stakeType) VALUES (79, 'Shareholder_79', 41.86, 'Minority');
INSERT INTO ShareholderDetails (idShareholder, shareholderName, ownershipPercentage, stakeType) VALUES (80, 'Shareholder_80', 44.99, 'Minority');
INSERT INTO ShareholderDetails (idShareholder, shareholderName, ownershipPercentage, stakeType) VALUES (81, 'Shareholder_81', 5.61, 'Minority');
INSERT INTO ShareholderDetails (idShareholder, shareholderName, ownershipPercentage, stakeType) VALUES (82, 'Shareholder_82', 47.51, 'Minority');
INSERT INTO ShareholderDetails (idShareholder, shareholderName, ownershipPercentage, stakeType) VALUES (83, 'Shareholder_83', 30.42, 'Majority');
INSERT INTO ShareholderDetails (idShareholder, shareholderName, ownershipPercentage, stakeType) VALUES (84, 'Shareholder_84', 26.76, 'Majority');
INSERT INTO ShareholderDetails (idShareholder, shareholderName, ownershipPercentage, stakeType) VALUES (85, 'Shareholder_85', 49.88, 'Minority');
INSERT INTO ShareholderDetails (idShareholder, shareholderName, ownershipPercentage, stakeType) VALUES (86, 'Shareholder_86', 1.81, 'Majority');
INSERT INTO ShareholderDetails (idShareholder, shareholderName, ownershipPercentage, stakeType) VALUES (87, 'Shareholder_87', 17.76, 'Minority');
INSERT INTO ShareholderDetails (idShareholder, shareholderName, ownershipPercentage, stakeType) VALUES (88, 'Shareholder_88', 6.61, 'Majority');
INSERT INTO ShareholderDetails (idShareholder, shareholderName, ownershipPercentage, stakeType) VALUES (89, 'Shareholder_89', 5.3, 'Minority');
INSERT INTO ShareholderDetails (idShareholder, shareholderName, ownershipPercentage, stakeType) VALUES (90, 'Shareholder_90', 30.52, 'Minority');
INSERT INTO ShareholderDetails (idShareholder, shareholderName, ownershipPercentage, stakeType) VALUES (91, 'Shareholder_91', 36.04, 'Majority');
INSERT INTO ShareholderDetails (idShareholder, shareholderName, ownershipPercentage, stakeType) VALUES (92, 'Shareholder_92', 5.36, 'Majority');
INSERT INTO ShareholderDetails (idShareholder, shareholderName, ownershipPercentage, stakeType) VALUES (93, 'Shareholder_93', 40.52, 'Majority');
INSERT INTO ShareholderDetails (idShareholder, shareholderName, ownershipPercentage, stakeType) VALUES (94, 'Shareholder_94', 42.23, 'Minority');
INSERT INTO ShareholderDetails (idShareholder, shareholderName, ownershipPercentage, stakeType) VALUES (95, 'Shareholder_95', 9.38, 'Majority');
INSERT INTO ShareholderDetails (idShareholder, shareholderName, ownershipPercentage, stakeType) VALUES (96, 'Shareholder_96', 39.11, 'Minority');
INSERT INTO ShareholderDetails (idShareholder, shareholderName, ownershipPercentage, stakeType) VALUES (97, 'Shareholder_97', 14.81, 'Majority');
INSERT INTO ShareholderDetails (idShareholder, shareholderName, ownershipPercentage, stakeType) VALUES (98, 'Shareholder_98', 25.76, 'Minority');
INSERT INTO ShareholderDetails (idShareholder, shareholderName, ownershipPercentage, stakeType) VALUES (99, 'Shareholder_99', 12.47, 'Majority');
INSERT INTO ShareholderDetails (idShareholder, shareholderName, ownershipPercentage, stakeType) VALUES (100, 'Shareholder_100', 16.19, 'Majority');

# Merger Performance
INSERT INTO MergerPerformance (idPerformance, projectedRevenue, actualRevenue, ROI) VALUES (1, 2096600586.37, 858737962.14, -0.16);
INSERT INTO MergerPerformance (idPerformance, projectedRevenue, actualRevenue, ROI) VALUES (2, 4273107400.21, 371607819.57, -0.73);
INSERT INTO MergerPerformance (idPerformance, projectedRevenue, actualRevenue, ROI) VALUES (3, 3402479497.91, 399276305.12, 0.32);
INSERT INTO MergerPerformance (idPerformance, projectedRevenue, actualRevenue, ROI) VALUES (4, 2985864273.67, 560358350.9, 0.76);
INSERT INTO MergerPerformance (idPerformance, projectedRevenue, actualRevenue, ROI) VALUES (5, 1902114146.72, 591631000.48, 0.95);
INSERT INTO MergerPerformance (idPerformance, projectedRevenue, actualRevenue, ROI) VALUES (6, 3055556024.34, 206514868.35, 0.65);
INSERT INTO MergerPerformance (idPerformance, projectedRevenue, actualRevenue, ROI) VALUES (7, 4443358347.3, 871275893.28, -0.5);
INSERT INTO MergerPerformance (idPerformance, projectedRevenue, actualRevenue, ROI) VALUES (8, 4841990238.26, 191147455.78, 0.8);
INSERT INTO MergerPerformance (idPerformance, projectedRevenue, actualRevenue, ROI) VALUES (9, 2149059013.95, 574748045.9, 0.4);
INSERT INTO MergerPerformance (idPerformance, projectedRevenue, actualRevenue, ROI) VALUES (10, 757290712.69, 801080673.23, -0.74);
INSERT INTO MergerPerformance (idPerformance, projectedRevenue, actualRevenue, ROI) VALUES (11, 2401761336.16, 270522237.5, 0.96);
INSERT INTO MergerPerformance (idPerformance, projectedRevenue, actualRevenue, ROI) VALUES (12, 3410220027.52, 332560869.95, -0.71);
INSERT INTO MergerPerformance (idPerformance, projectedRevenue, actualRevenue, ROI) VALUES (13, 4390075793.44, 642289038.4, -0.78);
INSERT INTO MergerPerformance (idPerformance, projectedRevenue, actualRevenue, ROI) VALUES (14, 4169190189.92, 625786229.37, -0.69);
INSERT INTO MergerPerformance (idPerformance, projectedRevenue, actualRevenue, ROI) VALUES (15, 1685327230.75, 386194206.7, 0.53);
INSERT INTO MergerPerformance (idPerformance, projectedRevenue, actualRevenue, ROI) VALUES (16, 4320514849.38, 258076451.84, -0.98);
INSERT INTO MergerPerformance (idPerformance, projectedRevenue, actualRevenue, ROI) VALUES (17, 4381304055.49, 938753970.16, 0.81);
INSERT INTO MergerPerformance (idPerformance, projectedRevenue, actualRevenue, ROI) VALUES (18, 2980240925.83, 634619456.08, 0.12);
INSERT INTO MergerPerformance (idPerformance, projectedRevenue, actualRevenue, ROI) VALUES (19, 2705823703.2, 284123420.66, -0.02);
INSERT INTO MergerPerformance (idPerformance, projectedRevenue, actualRevenue, ROI) VALUES (20, 3797240855.4, 350419093.31, -0.54);
INSERT INTO MergerPerformance (idPerformance, projectedRevenue, actualRevenue, ROI) VALUES (21, 1113683579.76, 482197454.76, -0.33);
INSERT INTO MergerPerformance (idPerformance, projectedRevenue, actualRevenue, ROI) VALUES (22, 1853290756.42, 797515154.82, 0.49);
INSERT INTO MergerPerformance (idPerformance, projectedRevenue, actualRevenue, ROI) VALUES (23, 1014633841.34, 798469448.08, 0.73);
INSERT INTO MergerPerformance (idPerformance, projectedRevenue, actualRevenue, ROI) VALUES (24, 3042575591.87, 105337436.47, 0.35);
INSERT INTO MergerPerformance (idPerformance, projectedRevenue, actualRevenue, ROI) VALUES (25, 3309533840.73, 305408505.05, 0.34);
INSERT INTO MergerPerformance (idPerformance, projectedRevenue, actualRevenue, ROI) VALUES (26, 1375477169.19, 804367479.32, 0.28);
INSERT INTO MergerPerformance (idPerformance, projectedRevenue, actualRevenue, ROI) VALUES (27, 2141523522.99, 473427381.43, -0.53);
INSERT INTO MergerPerformance (idPerformance, projectedRevenue, actualRevenue, ROI) VALUES (28, 2062221907.12, 990209877.09, 0.44);
INSERT INTO MergerPerformance (idPerformance, projectedRevenue, actualRevenue, ROI) VALUES (29, 2830181429.81, 942849636.08, -0.02);
INSERT INTO MergerPerformance (idPerformance, projectedRevenue, actualRevenue, ROI) VALUES (30, 4112951341.16, 149588314.89, -0.99);
INSERT INTO MergerPerformance (idPerformance, projectedRevenue, actualRevenue, ROI) VALUES (31, 3186206474.67, 972807374.38, -0.5);
INSERT INTO MergerPerformance (idPerformance, projectedRevenue, actualRevenue, ROI) VALUES (32, 2115622436.81, 299021325.46, -0.34);
INSERT INTO MergerPerformance (idPerformance, projectedRevenue, actualRevenue, ROI) VALUES (33, 3295121078.8, 685301092.38, -0.51);
INSERT INTO MergerPerformance (idPerformance, projectedRevenue, actualRevenue, ROI) VALUES (34, 1009233112.51, 806741283.74, -0.75);
INSERT INTO MergerPerformance (idPerformance, projectedRevenue, actualRevenue, ROI) VALUES (35, 4344736143.52, 402838978.59, -0.97);
INSERT INTO MergerPerformance (idPerformance, projectedRevenue, actualRevenue, ROI) VALUES (36, 1194190980.42, 567276893.03, -0.37);
INSERT INTO MergerPerformance (idPerformance, projectedRevenue, actualRevenue, ROI) VALUES (37, 1758508070.18, 493562045.24, -0.41);
INSERT INTO MergerPerformance (idPerformance, projectedRevenue, actualRevenue, ROI) VALUES (38, 1406494596.28, 314769936.01, -0.8);
INSERT INTO MergerPerformance (idPerformance, projectedRevenue, actualRevenue, ROI) VALUES (39, 4489978821.93, 374450596.16, 0.51);
INSERT INTO MergerPerformance (idPerformance, projectedRevenue, actualRevenue, ROI) VALUES (40, 580517203.04, 567657482.22, 0.64);
INSERT INTO MergerPerformance (idPerformance, projectedRevenue, actualRevenue, ROI) VALUES (41, 3145699373.48, 809317538.13, -0.73);
INSERT INTO MergerPerformance (idPerformance, projectedRevenue, actualRevenue, ROI) VALUES (42, 1070196783.04, 514194243.31, 0.13);
INSERT INTO MergerPerformance (idPerformance, projectedRevenue, actualRevenue, ROI) VALUES (43, 524308207.05, 474878240.65, 0.2);
INSERT INTO MergerPerformance (idPerformance, projectedRevenue, actualRevenue, ROI) VALUES (44, 3138867225.76, 439206774.54, -0.49);
INSERT INTO MergerPerformance (idPerformance, projectedRevenue, actualRevenue, ROI) VALUES (45, 4920442222.01, 576895148.12, 0.39);
INSERT INTO MergerPerformance (idPerformance, projectedRevenue, actualRevenue, ROI) VALUES (46, 4725619225.88, 932852672.44, 0.28);
INSERT INTO MergerPerformance (idPerformance, projectedRevenue, actualRevenue, ROI) VALUES (47, 4716704494.84, 172419447.17, -0.73);
INSERT INTO MergerPerformance (idPerformance, projectedRevenue, actualRevenue, ROI) VALUES (48, 3320521341.37, 129132054.54, 0.8);
INSERT INTO MergerPerformance (idPerformance, projectedRevenue, actualRevenue, ROI) VALUES (49, 2226328299.58, 728578040.31, 0.23);
INSERT INTO MergerPerformance (idPerformance, projectedRevenue, actualRevenue, ROI) VALUES (50, 3740999872.92, 788497543.55, -0.84);
INSERT INTO MergerPerformance (idPerformance, projectedRevenue, actualRevenue, ROI) VALUES (51, 3763832222.08, 308544593.27, 0.98);
INSERT INTO MergerPerformance (idPerformance, projectedRevenue, actualRevenue, ROI) VALUES (52, 1051584781.82, 543217317.89, -0.47);
INSERT INTO MergerPerformance (idPerformance, projectedRevenue, actualRevenue, ROI) VALUES (53, 2602080532.28, 407849712.11, 0.43);
INSERT INTO MergerPerformance (idPerformance, projectedRevenue, actualRevenue, ROI) VALUES (54, 664882855.65, 768128271.57, -0.73);
INSERT INTO MergerPerformance (idPerformance, projectedRevenue, actualRevenue, ROI) VALUES (55, 872627914.66, 626127642.59, 0.23);
INSERT INTO MergerPerformance (idPerformance, projectedRevenue, actualRevenue, ROI) VALUES (56, 824024420.68, 656152730.88, -0.29);
INSERT INTO MergerPerformance (idPerformance, projectedRevenue, actualRevenue, ROI) VALUES (57, 1693741995.89, 195068209.85, -0.06);
INSERT INTO MergerPerformance (idPerformance, projectedRevenue, actualRevenue, ROI) VALUES (58, 1278653928.49, 102521145.1, 0.42);
INSERT INTO MergerPerformance (idPerformance, projectedRevenue, actualRevenue, ROI) VALUES (59, 3404084723.01, 886097954.89, 0.78);
INSERT INTO MergerPerformance (idPerformance, projectedRevenue, actualRevenue, ROI) VALUES (60, 3874559665.1, 857857904.51, 0.97);
INSERT INTO MergerPerformance (idPerformance, projectedRevenue, actualRevenue, ROI) VALUES (61, 4847957232.4, 848703099.0, -0.76);
INSERT INTO MergerPerformance (idPerformance, projectedRevenue, actualRevenue, ROI) VALUES (62, 596828496.84, 295345767.8, 0.54);
INSERT INTO MergerPerformance (idPerformance, projectedRevenue, actualRevenue, ROI) VALUES (63, 612779905.24, 796159742.77, 0.75);
INSERT INTO MergerPerformance (idPerformance, projectedRevenue, actualRevenue, ROI) VALUES (64, 1479509981.13, 746327710.68, 0.4);
INSERT INTO MergerPerformance (idPerformance, projectedRevenue, actualRevenue, ROI) VALUES (65, 4016249578.88, 845531996.9, -0.36);
INSERT INTO MergerPerformance (idPerformance, projectedRevenue, actualRevenue, ROI) VALUES (66, 897757753.38, 548369388.86, -0.98);
INSERT INTO MergerPerformance (idPerformance, projectedRevenue, actualRevenue, ROI) VALUES (67, 4398982203.24, 763752222.78, 0.07);
INSERT INTO MergerPerformance (idPerformance, projectedRevenue, actualRevenue, ROI) VALUES (68, 1736933070.31, 989499354.83, -0.17);
INSERT INTO MergerPerformance (idPerformance, projectedRevenue, actualRevenue, ROI) VALUES (69, 610469763.83, 414955124.55, 1.0);
INSERT INTO MergerPerformance (idPerformance, projectedRevenue, actualRevenue, ROI) VALUES (70, 1535838624.45, 996718272.61, 0.81);
INSERT INTO MergerPerformance (idPerformance, projectedRevenue, actualRevenue, ROI) VALUES (71, 1503545694.48, 669289466.14, 0.23);
INSERT INTO MergerPerformance (idPerformance, projectedRevenue, actualRevenue, ROI) VALUES (72, 1582730694.23, 518098698.24, -0.74);
INSERT INTO MergerPerformance (idPerformance, projectedRevenue, actualRevenue, ROI) VALUES (73, 3297661771.41, 624688229.23, 0.39);
INSERT INTO MergerPerformance (idPerformance, projectedRevenue, actualRevenue, ROI) VALUES (74, 2820496897.74, 898295183.07, 0.81);
INSERT INTO MergerPerformance (idPerformance, projectedRevenue, actualRevenue, ROI) VALUES (75, 4336155933.44, 566984475.79, 0.02);
INSERT INTO MergerPerformance (idPerformance, projectedRevenue, actualRevenue, ROI) VALUES (76, 2683285764.7, 329905987.67, -0.35);
INSERT INTO MergerPerformance (idPerformance, projectedRevenue, actualRevenue, ROI) VALUES (77, 3032260548.66, 527241079.97, 0.9);
INSERT INTO MergerPerformance (idPerformance, projectedRevenue, actualRevenue, ROI) VALUES (78, 3948027361.01, 149665012.04, 0.12);
INSERT INTO MergerPerformance (idPerformance, projectedRevenue, actualRevenue, ROI) VALUES (79, 1158596049.5, 258169809.96, 0.01);
INSERT INTO MergerPerformance (idPerformance, projectedRevenue, actualRevenue, ROI) VALUES (80, 1874152294.36, 320921058.94, 0.07);
INSERT INTO MergerPerformance (idPerformance, projectedRevenue, actualRevenue, ROI) VALUES (81, 1717018824.76, 962283342.16, 0.07);
INSERT INTO MergerPerformance (idPerformance, projectedRevenue, actualRevenue, ROI) VALUES (82, 3289099667.54, 933693535.69, 0.2);
INSERT INTO MergerPerformance (idPerformance, projectedRevenue, actualRevenue, ROI) VALUES (83, 2329411717.88, 869227665.4, -0.18);
INSERT INTO MergerPerformance (idPerformance, projectedRevenue, actualRevenue, ROI) VALUES (84, 1823606555.06, 372911023.78, -0.23);
INSERT INTO MergerPerformance (idPerformance, projectedRevenue, actualRevenue, ROI) VALUES (85, 4061287183.56, 686167678.11, -0.98);
INSERT INTO MergerPerformance (idPerformance, projectedRevenue, actualRevenue, ROI) VALUES (86, 1027839016.39, 981385266.25, 0.37);
INSERT INTO MergerPerformance (idPerformance, projectedRevenue, actualRevenue, ROI) VALUES (87, 3797542267.68, 831802938.27, -0.87);
INSERT INTO MergerPerformance (idPerformance, projectedRevenue, actualRevenue, ROI) VALUES (88, 4911399799.87, 724534940.85, 0.56);
INSERT INTO MergerPerformance (idPerformance, projectedRevenue, actualRevenue, ROI) VALUES (89, 3079775036.82, 458789067.44, -0.22);
INSERT INTO MergerPerformance (idPerformance, projectedRevenue, actualRevenue, ROI) VALUES (90, 757260015.8, 378729887.02, 0.37);
INSERT INTO MergerPerformance (idPerformance, projectedRevenue, actualRevenue, ROI) VALUES (91, 4779717403.14, 977951606.29, 0.37);
INSERT INTO MergerPerformance (idPerformance, projectedRevenue, actualRevenue, ROI) VALUES (92, 3872641454.83, 324831526.73, 0.31);
INSERT INTO MergerPerformance (idPerformance, projectedRevenue, actualRevenue, ROI) VALUES (93, 2064020007.82, 869978922.75, -0.72);
INSERT INTO MergerPerformance (idPerformance, projectedRevenue, actualRevenue, ROI) VALUES (94, 4724052341.45, 435517532.73, -0.21);
INSERT INTO MergerPerformance (idPerformance, projectedRevenue, actualRevenue, ROI) VALUES (95, 4113252454.79, 767647862.67, 0.82);
INSERT INTO MergerPerformance (idPerformance, projectedRevenue, actualRevenue, ROI) VALUES (96, 3509737136.88, 559698891.14, 0.51);
INSERT INTO MergerPerformance (idPerformance, projectedRevenue, actualRevenue, ROI) VALUES (97, 1160515666.57, 393349252.37, 0.27);
INSERT INTO MergerPerformance (idPerformance, projectedRevenue, actualRevenue, ROI) VALUES (98, 4820331323.06, 296681793.99, 0.58);
INSERT INTO MergerPerformance (idPerformance, projectedRevenue, actualRevenue, ROI) VALUES (99, 3477612640.44, 485830657.73, 0.57);
INSERT INTO MergerPerformance (idPerformance, projectedRevenue, actualRevenue, ROI) VALUES (100, 1430821706.77, 666467927.94, -0.78);
